0,0,-26,37,-33,80,-20,112,-3,133,-40,92,-50,143,-58,176,-65,201,-18,85,2,144,17,180,30,208,7,76,32,129,30,122,24,109,29,67,47,108,43,101,36,89,A
0,0,-28,37,-34,79,-22,112,-5,134,-41,91,-51,142,-58,175,-65,201,-17,84,3,143,18,180,31,207,8,76,32,128,29,122,23,108,30,67,46,107,43,101,35,89,A
0,0,-27,37,-33,79,-21,111,-4,132,-41,92,-51,143,-58,175,-64,201,-19,84,1,142,17,178,30,206,6,75,31,127,30,121,24,107,28,65,46,105,43,100,35,88,A
0,0,-27,38,-33,80,-21,112,-4,132,-41,93,-51,144,-58,176,-64,201,-18,86,3,146,18,181,31,209,7,77,32,129,29,122,23,109,29,68,46,108,43,101,36,90,A
0,0,-27,38,-33,80,-21,113,-4,134,-41,92,-51,144,-59,176,-65,202,-18,85,2,145,18,181,31,209,6,76,32,129,30,122,23,108,28,67,47,107,44,100,36,88,A
0,0,-27,37,-33,79,-20,111,-3,132,-40,92,-50,143,-58,175,-64,201,-17,85,3,144,18,180,31,208,7,76,33,129,30,121,24,107,30,67,48,107,44,100,36,88,A
0,0,-27,37,-34,78,-22,111,-5,132,-41,90,-51,142,-59,174,-65,200,-18,83,2,143,17,180,30,208,6,74,32,127,30,123,24,111,29,65,46,106,43,101,35,91,A
0,0,-27,37,-33,79,-21,111,-4,132,-40,92,-51,143,-59,176,-66,202,-17,85,2,145,17,181,29,209,7,76,32,130,30,124,23,110,29,68,46,108,43,102,34,91,A
0,0,-26,36,-33,78,-21,110,-4,131,-40,90,-51,143,-59,176,-66,202,-18,83,2,143,17,179,30,207,7,75,32,128,29,122,23,108,28,66,46,107,42,100,34,88,A
0,0,-27,37,-33,79,-21,111,-5,131,-41,92,-51,143,-60,176,-66,202,-18,85,1,144,16,180,28,209,7,76,32,128,29,122,23,109,28,67,46,107,42,101,34,90,A
0,0,-26,37,-32,78,-20,110,-3,130,-41,90,-51,142,-59,174,-65,200,-18,83,1,143,16,179,29,207,6,74,32,127,30,119,23,106,28,65,46,105,42,98,34,86,A
0,0,-27,37,-33,78,-21,110,-4,130,-40,90,-51,141,-59,174,-66,199,-17,83,2,144,16,180,29,208,8,75,32,128,29,122,23,108,30,67,46,106,43,100,35,89,A
0,0,-27,36,-34,77,-21,108,-4,129,-42,90,-53,141,-61,174,-67,200,-19,83,1,144,15,180,28,207,6,74,31,127,29,119,23,105,28,66,46,106,43,98,34,86,A
0,0,-26,36,-32,78,-20,109,-3,129,-41,92,-52,142,-60,174,-66,200,-17,85,2,146,17,181,29,209,7,77,32,130,30,121,24,107,30,68,47,107,44,100,36,88,A
0,0,-26,37,-33,78,-21,110,-3,129,-42,92,-52,143,-60,175,-66,201,-19,85,1,145,16,181,29,208,6,76,32,128,30,121,24,107,28,67,46,106,43,99,35,87,A
0,0,-26,37,-32,78,-20,108,-3,127,-40,92,-51,143,-60,175,-67,201,-17,85,2,145,16,181,28,208,7,77,32,130,29,122,23,109,29,68,46,108,43,101,35,90,A
0,0,-26,39,-31,79,-19,110,-1,129,-41,92,-51,143,-59,175,-65,201,-18,85,2,145,17,181,30,208,7,76,33,129,31,122,25,109,29,67,47,107,44,100,36,88,A
0,0,-25,37,-31,79,-19,109,-2,128,-40,91,-51,142,-59,175,-66,201,-17,84,2,145,17,180,30,207,7,75,33,128,31,123,25,110,29,66,47,106,44,99,36,87,A
0,0,-26,38,-31,79,-19,110,-2,129,-40,93,-51,144,-59,176,-66,202,-17,86,2,145,17,181,29,208,7,77,33,129,31,123,25,110,29,67,47,107,44,100,36,89,A
0,0,-27,37,-33,78,-21,111,-4,132,-41,91,-52,142,-60,174,-66,200,-18,83,2,143,16,179,29,206,6,74,32,128,29,122,23,109,28,66,46,106,43,100,35,88,A
0,0,-26,37,-33,78,-21,110,-5,132,-41,91,-52,141,-60,174,-66,200,-18,83,2,144,16,179,29,207,6,74,31,128,29,122,22,109,29,66,46,107,43,100,35,88,A
0,0,-25,38,-31,80,-19,111,-2,131,-40,92,-51,143,-59,176,-65,202,-18,84,1,144,16,180,29,207,7,75,32,129,31,123,25,109,29,66,47,106,44,100,36,88,A
0,0,-26,38,-31,80,-19,111,-2,131,-40,92,-51,143,-59,175,-65,200,-17,84,2,144,17,180,29,207,7,75,32,128,30,123,24,110,29,66,47,106,44,100,36,89,A
0,0,-26,38,-32,79,-20,109,-2,129,-40,92,-51,143,-59,175,-66,200,-17,84,2,143,17,179,29,207,7,75,32,128,30,122,24,109,29,66,47,106,44,101,36,89,A
0,0,-25,38,-31,79,-19,110,-1,130,-40,92,-51,142,-59,174,-65,200,-17,83,3,144,18,180,30,208,7,74,34,127,33,123,27,112,29,64,48,105,45,99,38,87,A
0,0,-26,38,-31,79,-19,110,-2,129,-40,92,-51,142,-58,174,-65,200,-17,84,3,145,18,180,30,208,8,75,34,129,32,123,26,110,30,66,48,106,46,100,38,88,A
0,0,-26,37,-31,78,-18,108,1,127,-41,91,-51,142,-59,173,-65,199,-18,82,2,143,16,179,28,206,7,73,33,127,31,120,24,107,30,64,47,104,44,98,36,86,A
0,0,-26,38,-32,80,-19,111,-1,130,-41,93,-51,143,-60,175,-66,200,-18,84,1,144,16,180,29,207,6,75,32,129,30,123,24,110,29,66,47,107,44,101,36,89,A
0,0,-26,37,-32,79,-19,110,-1,129,-41,91,-51,142,-59,174,-66,200,-18,83,1,143,16,179,28,207,7,74,33,127,30,123,24,111,29,65,47,106,43,100,35,90,A
0,0,-26,37,-32,79,-19,111,-1,130,-41,92,-51,142,-60,175,-66,201,-18,83,1,143,16,179,28,207,7,74,33,128,31,124,25,112,29,65,47,106,44,101,35,90,A
0,0,-25,37,-31,79,-19,111,-2,131,-40,91,-50,143,-58,175,-65,201,-18,83,1,142,16,179,29,207,7,73,33,128,32,125,26,113,30,64,48,106,45,102,36,92,A
0,0,-26,38,-32,80,-20,112,-3,133,-41,92,-51,143,-59,176,-65,201,-18,84,1,142,15,179,28,207,6,74,32,129,30,126,24,115,29,66,47,107,43,104,35,94,A
0,0,-25,37,-31,78,-19,110,-3,131,-41,91,-51,143,-59,176,-65,201,-19,84,1,145,15,181,27,209,6,75,32,129,31,125,25,113,28,66,47,107,43,102,35,92,A
0,0,-26,38,-32,79,-21,111,-5,132,-41,92,-51,144,-59,177,-66,203,-19,85,0,145,15,182,27,210,6,75,32,131,31,128,25,118,28,66,46,108,43,104,34,94,A
0,0,-27,37,-34,79,-21,112,-3,132,-43,93,-52,143,-61,176,-67,202,-20,84,-1,144,13,181,26,210,5,75,30,130,28,124,22,112,27,67,45,108,42,103,33,92,A
0,0,-26,37,-32,79,-20,111,-3,131,-41,92,-51,143,-59,175,-66,201,-18,84,0,144,14,181,27,209,6,76,31,130,30,125,24,112,29,67,47,108,43,103,35,92,A
0,0,-26,36,-33,78,-22,110,-6,132,-42,91,-52,143,-60,176,-66,202,-19,83,0,143,14,179,26,208,5,74,30,128,28,123,21,110,28,65,45,107,41,102,32,91,A
0,0,-26,37,-32,78,-20,109,-3,129,-40,91,-51,142,-59,175,-65,200,-18,83,1,142,15,179,28,206,7,74,32,129,30,125,24,112,29,65,47,107,43,102,35,92,A
0,0,-26,36,-33,78,-21,110,-5,131,-41,90,-52,141,-60,174,-66,200,-19,82,-1,142,14,179,26,207,6,73,31,127,29,124,23,112,28,65,45,106,42,102,33,93,A
0,0,-26,37,-33,78,-21,110,-4,132,-42,90,-52,142,-60,175,-67,201,-19,82,0,142,14,179,27,207,5,73,30,128,29,126,24,115,28,66,45,107,42,103,34,93,A
0,0,-26,37,-32,78,-21,110,-4,131,-40,91,-51,143,-59,176,-65,201,-17,84,2,144,17,181,29,208,7,75,32,130,30,126,24,114,29,67,47,107,44,103,36,93,A
0,0,-26,37,-33,78,-20,110,-3,130,-40,91,-50,143,-59,176,-65,201,-17,83,1,143,15,180,28,208,7,75,32,129,30,122,23,109,29,66,47,107,43,101,35,90,A
0,0,-26,38,-32,78,-19,108,-2,127,-40,92,-50,143,-59,175,-65,201,-17,85,2,144,16,180,28,208,7,76,33,129,31,123,24,110,29,67,48,107,44,101,36,89,A
0,0,-26,39,-32,80,-20,111,-3,132,-41,93,-50,144,-58,177,-65,203,-19,85,0,144,15,181,28,209,6,75,32,129,30,122,23,109,29,66,46,107,43,101,35,88,A
0,0,-27,38,-34,79,-21,110,-5,131,-41,92,-51,143,-59,176,-66,202,-18,85,1,145,15,181,27,209,6,77,31,130,29,125,22,113,28,68,46,108,43,103,35,91,A
0,0,-26,37,-33,78,-21,110,-5,131,-42,92,-51,143,-60,176,-66,202,-20,83,-1,144,14,180,27,208,5,74,31,129,29,123,22,111,27,66,46,108,43,101,34,90,A
0,0,-27,37,-33,79,-22,112,-8,134,-41,92,-51,143,-60,176,-66,202,-19,84,0,144,14,182,27,210,5,76,30,130,28,126,22,115,28,68,46,109,43,105,34,94,A
0,0,-26,38,-33,79,-22,112,-8,134,-41,92,-51,143,-60,176,-66,202,-20,83,0,143,14,181,27,209,5,75,31,130,29,127,23,116,28,67,46,109,43,104,34,93,A
0,0,-26,39,-33,79,-21,111,-5,132,-41,92,-50,143,-59,176,-65,202,-18,82,1,143,15,180,28,207,8,74,32,129,29,125,22,115,30,66,47,107,43,102,34,92,A
0,0,-26,38,-33,78,-20,109,-4,130,-40,90,-50,141,-59,174,-65,200,-17,82,1,142,14,178,27,206,8,73,32,128,29,123,22,112,31,66,46,106,43,101,34,91,A
0,0,-25,39,-32,79,-20,111,-5,132,-40,93,-50,144,-59,177,-65,203,-19,84,0,145,15,182,28,209,6,74,32,130,30,123,24,111,28,66,47,107,44,100,35,89,A
0,0,-26,39,-31,80,-19,113,-4,135,-40,93,-50,144,-58,177,-64,203,-17,84,2,144,16,181,28,208,7,75,33,130,30,126,23,114,29,66,47,109,44,104,35,93,A
0,0,-26,38,-32,79,-20,111,-4,133,-40,92,-50,144,-58,176,-64,202,-18,83,2,143,16,180,28,207,7,74,33,129,30,125,24,113,29,65,47,107,44,102,35,90,A
0,0,-26,38,-31,79,-17,110,1,130,-40,93,-50,144,-59,177,-65,203,-18,84,1,145,15,181,28,208,6,75,33,130,31,125,24,112,28,66,47,108,44,102,36,90,A
0,0,-26,39,-32,80,-19,112,-2,132,-41,94,-51,145,-58,177,-64,203,-18,86,1,145,15,182,28,210,6,77,32,130,30,127,24,115,28,68,46,109,44,105,35,95,A
0,0,-26,38,-32,80,-19,112,-1,133,-41,94,-51,145,-58,177,-65,203,-19,86,0,145,14,181,27,208,5,77,31,130,30,124,24,112,28,68,46,108,43,103,35,92,A
0,0,-26,38,-32,81,-19,113,-2,134,-41,95,-51,146,-59,178,-65,204,-19,87,0,146,14,182,26,209,5,77,32,131,30,125,24,113,28,69,46,109,43,104,35,93,A
0,0,-27,38,-33,80,-21,113,-4,133,-42,94,-51,145,-59,178,-66,204,-20,86,-1,146,14,182,27,210,4,77,31,132,29,127,23,114,27,69,46,110,43,104,34,93,A
0,0,-26,38,-32,79,-20,111,-3,131,-41,93,-50,144,-58,177,-65,203,-19,85,1,145,15,181,27,209,6,77,31,131,29,125,23,113,28,68,46,109,43,103,35,92,A
0,0,-26,38,-33,79,-21,111,-5,131,-41,93,-51,145,-59,178,-65,204,-19,85,1,146,15,182,27,210,6,76,32,131,30,127,23,115,28,68,47,109,44,104,35,93,A
0,0,-25,39,-30,81,-17,112,0,132,-40,95,-50,146,-58,178,-64,204,-19,88,0,148,15,184,27,212,5,79,32,130,31,123,25,109,28,68,47,109,45,102,37,90,A
0,0,-25,38,-30,80,-16,112,1,132,-40,95,-50,146,-58,178,-64,204,-19,87,1,148,15,185,27,213,5,78,33,130,31,122,25,109,28,68,47,109,45,102,37,90,A
0,0,-25,38,-30,81,-15,113,3,132,-41,96,-50,147,-59,179,-65,205,-19,88,0,147,14,184,26,211,5,78,32,131,31,124,25,110,28,69,47,109,44,102,36,91,A
0,0,-26,38,-31,81,-18,113,-1,134,-41,95,-51,146,-59,179,-65,205,-20,87,-1,148,13,184,25,212,4,78,32,131,29,124,23,112,27,68,46,109,43,103,34,93,A
0,0,-27,38,-33,80,-19,113,-2,134,-41,93,-51,144,-59,177,-65,204,-19,85,0,147,13,183,25,211,5,77,31,131,27,124,20,111,28,68,45,109,41,103,33,92,A
0,0,-27,36,-33,77,-21,110,-5,132,-42,90,-51,144,-59,177,-65,203,-20,83,-2,144,12,181,24,209,4,75,30,128,27,122,21,109,27,67,45,107,41,100,33,89,A
0,0,-26,37,-32,79,-19,112,-1,132,-41,93,-51,146,-59,179,-65,205,-18,87,0,147,14,184,26,211,6,78,31,131,29,125,23,112,28,69,46,109,43,103,35,91,A
0,0,-26,37,-31,78,-16,110,2,130,-41,93,-50,146,-59,179,-65,205,-19,86,-1,147,13,184,25,212,5,77,31,131,29,124,23,110,27,68,46,109,43,102,34,90,A
0,0,-26,36,-33,78,-20,112,-2,133,-42,92,-51,145,-59,179,-65,205,-20,84,-1,145,13,182,25,209,5,75,31,129,28,123,22,110,27,66,46,108,42,102,33,92,A
0,0,-28,36,-34,79,-20,111,-2,132,-42,93,-52,145,-60,178,-66,204,-19,86,0,147,13,183,25,211,5,78,30,131,26,127,20,116,28,69,46,109,42,105,33,95,A
0,0,-27,36,-32,78,-19,111,-1,131,-42,93,-51,146,-60,179,-66,205,-20,86,-2,147,12,183,24,211,5,77,30,131,28,125,21,112,27,68,45,109,41,103,33,93,A
0,0,-26,37,-31,80,-19,113,-3,135,-40,93,-50,146,-59,179,-65,205,-18,84,0,145,14,182,26,210,6,75,31,130,28,125,22,112,28,66,46,108,42,102,33,92,A
0,0,-26,38,-31,80,-18,114,-1,135,-41,94,-50,145,-58,179,-65,205,-18,86,1,147,15,183,27,211,6,76,32,131,29,126,23,114,29,67,47,109,43,104,35,93,A
0,0,-25,38,-31,80,-19,112,-2,133,-40,93,-49,145,-58,178,-64,204,-18,85,1,145,15,182,28,209,7,75,33,130,31,124,23,111,29,66,48,107,44,101,35,89,A
0,0,-25,37,-30,79,-16,111,2,132,-40,93,-49,144,-57,177,-63,203,-18,85,1,145,15,181,27,209,6,76,33,130,30,123,24,110,29,67,48,108,44,101,36,89,A
0,0,-25,37,-30,79,-16,111,2,132,-40,92,-49,145,-58,177,-64,203,-19,83,1,145,15,181,28,208,6,74,32,129,30,122,24,108,29,65,48,107,44,100,36,88,A
0,0,-26,37,-31,79,-16,111,3,131,-41,92,-50,144,-59,177,-65,203,-18,84,0,144,15,181,28,208,6,75,31,129,30,125,24,113,28,67,47,108,44,102,35,91,A
0,0,-26,37,-31,78,-16,111,2,131,-41,92,-50,144,-59,177,-65,203,-19,83,0,144,14,180,27,208,6,74,31,128,30,123,24,111,28,66,47,107,43,101,35,90,A
0,0,-26,37,-31,78,-16,109,2,128,-41,91,-50,143,-59,176,-65,202,-18,83,0,144,15,180,27,208,6,75,31,128,29,123,23,110,28,66,47,107,44,100,35,89,A
0,0,-25,37,-31,78,-16,109,2,129,-40,91,-49,144,-58,176,-64,202,-17,84,1,145,15,181,28,208,7,75,33,128,31,121,24,107,29,66,48,106,44,99,36,87,A
0,0,-26,37,-32,79,-18,110,-1,130,-41,92,-51,144,-59,177,-65,203,-19,84,0,145,14,182,27,209,6,75,32,129,29,124,23,111,28,66,47,107,43,101,35,89,A
0,0,-26,38,-32,79,-17,111,1,132,-41,93,-51,145,-59,178,-65,205,-19,85,0,146,15,182,28,210,6,76,32,130,30,123,24,110,28,67,48,108,45,100,36,89,A
0,0,-26,37,-33,78,-21,110,-4,132,-41,93,-50,144,-58,177,-64,204,-19,85,1,146,15,182,28,210,6,76,33,130,30,124,23,112,28,67,47,108,43,101,35,90,A
0,0,-26,37,-33,78,-21,110,-5,131,-41,93,-50,145,-59,178,-65,204,-19,85,1,146,15,182,28,209,5,76,32,130,30,123,23,110,28,67,47,108,44,100,35,89,A
0,0,-26,38,-32,79,-18,111,0,131,-41,93,-50,145,-58,177,-64,204,-19,85,0,145,15,182,27,209,6,76,32,130,30,124,23,111,28,67,47,108,43,101,35,90,A
0,0,-26,38,-31,79,-17,109,2,128,-41,93,-51,145,-59,178,-64,204,-19,85,0,146,15,182,28,210,5,76,32,130,31,127,25,116,28,67,47,107,44,102,35,92,A
0,0,-26,38,-32,79,-17,110,1,129,-41,94,-50,145,-58,178,-64,204,-19,86,1,147,15,183,28,211,6,77,33,131,30,126,23,113,29,68,48,109,44,103,35,92,A
0,0,-26,37,-32,78,-19,110,-2,130,-42,93,-51,144,-59,177,-65,203,-20,85,-1,146,13,182,26,210,5,75,31,130,29,124,22,111,27,66,46,108,43,101,34,90,A
0,0,-26,37,-32,79,-20,110,-3,130,-41,93,-50,144,-59,177,-65,203,-20,85,-1,145,13,182,26,210,4,76,31,130,29,125,23,112,27,67,46,108,43,102,35,91,A
0,0,-26,38,-31,79,-19,111,-2,132,-41,93,-51,145,-59,177,-65,204,-20,85,-1,146,14,182,27,210,4,77,31,130,29,126,23,115,27,68,46,108,44,103,36,92,A
0,0,-27,36,-33,78,-21,110,-5,130,-43,92,-52,144,-60,176,-66,203,-21,85,-2,145,13,181,26,209,3,76,30,129,28,123,22,110,26,67,45,107,42,101,34,90,A
0,0,-27,37,-33,79,-21,111,-4,132,-42,94,-51,145,-59,178,-65,205,-20,87,0,148,15,184,28,211,5,79,32,131,30,124,23,110,27,69,47,108,44,101,36,89,A
0,0,-26,37,-31,79,-19,112,-3,132,-41,94,-50,145,-58,178,-64,204,-19,87,0,147,15,183,27,211,6,78,32,130,29,123,23,110,28,68,47,108,44,101,36,89,A
0,0,-27,38,-33,80,-20,112,-3,132,-42,94,-51,145,-59,177,-65,204,-20,86,-1,146,13,182,26,210,4,77,31,130,28,123,22,110,27,68,46,109,43,102,34,90,A
0,0,-26,36,-32,78,-20,110,-4,131,-42,91,-51,143,-59,175,-66,202,-20,84,-1,144,13,180,26,208,4,75,31,128,28,121,22,107,27,66,46,106,43,99,34,88,A
0,0,-26,37,-32,79,-21,111,-4,131,-42,92,-51,144,-59,176,-65,203,-20,85,0,146,14,182,27,210,5,76,31,130,29,123,23,110,27,67,46,107,44,101,36,90,A
0,0,-26,37,-32,78,-19,110,-2,131,-42,91,-51,143,-59,176,-66,203,-20,84,-1,145,14,181,26,209,4,76,30,129,29,123,23,109,27,67,46,108,43,101,35,90,A
0,0,-26,36,-33,77,-23,108,-8,128,-41,90,-50,142,-58,175,-65,201,-20,83,-1,142,14,179,27,207,5,74,31,128,29,124,23,112,28,65,47,106,43,101,35,90,A
0,0,-25,37,-32,79,-20,111,-4,132,-42,93,-51,144,-59,177,-65,203,-20,85,-1,146,14,182,28,210,5,77,31,130,30,124,24,111,28,68,48,108,45,102,36,90,A
0,0,-26,37,-32,78,-20,110,-3,131,-41,91,-50,143,-59,176,-65,202,-19,83,-1,144,13,180,26,208,6,74,31,129,29,124,23,112,28,66,47,107,44,101,35,90,A
0,0,41,-7,79,-25,111,-40,124,-66,61,-84,88,-103,106,-96,112,-78,50,-98,68,-133,89,-140,103,-129,35,-104,46,-142,67,-153,85,-147,20,-103,26,-135,42,-150,59,-150,B
0,0,40,-6,78,-25,110,-40,123,-66,60,-84,87,-103,104,-96,111,-78,49,-98,67,-134,89,-139,101,-125,34,-104,45,-143,67,-153,84,-147,19,-103,26,-135,42,-150,59,-150,B
0,0,40,-7,78,-25,110,-40,123,-66,60,-84,87,-103,104,-95,111,-78,49,-98,66,-134,87,-139,101,-128,34,-104,45,-142,65,-153,83,-148,19,-103,25,-135,41,-149,58,-149,B
0,0,41,-6,79,-24,111,-40,124,-66,61,-84,88,-102,105,-95,111,-78,50,-98,67,-134,89,-139,102,-128,36,-104,46,-142,67,-153,84,-148,20,-103,27,-135,43,-149,60,-150,B
0,0,40,-7,78,-25,110,-40,123,-66,60,-84,87,-102,104,-95,112,-78,49,-98,67,-134,89,-138,103,-125,35,-104,45,-143,67,-153,85,-146,19,-103,26,-136,43,-150,61,-149,B
0,0,41,-7,79,-25,111,-40,123,-67,60,-84,87,-102,105,-95,112,-79,49,-97,67,-133,88,-139,103,-128,35,-104,46,-143,66,-154,84,-148,19,-103,27,-136,43,-150,60,-150,B
0,0,40,-7,77,-25,109,-40,122,-66,59,-84,86,-102,103,-95,110,-78,49,-98,66,-133,88,-138,102,-125,34,-104,45,-143,67,-153,84,-147,19,-104,26,-136,43,-150,60,-150,B
0,0,40,-7,77,-25,110,-40,122,-66,59,-83,86,-102,103,-95,110,-78,48,-97,66,-133,88,-138,102,-127,34,-104,45,-142,66,-153,84,-147,19,-103,26,-136,42,-150,60,-150,B
0,0,40,-6,78,-24,110,-39,122,-66,60,-83,88,-102,104,-93,109,-75,49,-97,67,-133,88,-137,101,-125,34,-103,45,-141,65,-152,82,-147,18,-102,25,-134,41,-149,58,-150,B
0,0,40,-8,77,-25,110,-40,122,-67,60,-84,87,-102,104,-94,110,-77,49,-98,68,-132,89,-136,103,-124,35,-104,45,-143,66,-153,84,-148,19,-104,26,-136,43,-150,61,-150,B
0,0,40,-7,78,-24,110,-39,122,-66,60,-83,87,-101,104,-94,110,-77,49,-97,68,-133,89,-136,102,-123,35,-103,46,-141,67,-151,83,-146,19,-102,25,-134,42,-149,59,-149,B
0,0,40,-6,77,-24,110,-39,123,-65,60,-82,86,-101,102,-94,109,-78,49,-96,66,-131,86,-137,100,-128,34,-103,44,-140,64,-152,82,-148,19,-103,25,-134,41,-148,57,-148,B
0,0,40,-6,78,-24,110,-39,122,-64,60,-83,87,-99,103,-94,109,-78,49,-97,67,-132,86,-139,99,-130,34,-103,45,-141,64,-152,81,-148,18,-103,25,-134,41,-148,57,-149,B
0,0,40,-7,77,-24,109,-39,121,-66,58,-83,86,-101,102,-94,108,-76,47,-97,66,-133,87,-137,100,-125,33,-103,44,-141,64,-152,81,-147,17,-102,25,-135,41,-149,58,-149,B
0,0,41,-8,78,-25,110,-40,123,-67,60,-84,87,-102,103,-95,108,-76,49,-98,67,-133,88,-138,102,-128,34,-104,45,-142,66,-153,83,-148,19,-103,26,-136,43,-150,61,-150,B
0,0,40,-7,77,-24,109,-39,121,-66,59,-83,86,-101,102,-93,108,-75,48,-97,66,-133,87,-137,101,-125,33,-103,44,-141,65,-152,82,-146,18,-102,25,-135,42,-149,59,-149,B
0,0,41,-8,78,-24,110,-39,123,-66,59,-83,86,-102,102,-94,108,-77,49,-97,66,-132,88,-137,102,-126,34,-103,44,-141,66,-152,83,-146,19,-102,26,-135,42,-148,60,-148,B
0,0,41,-7,78,-24,110,-39,121,-65,60,-83,87,-101,103,-93,108,-75,49,-97,67,-132,88,-137,101,-124,34,-103,45,-141,66,-152,82,-146,18,-102,25,-135,42,-148,59,-149,B
0,0,41,-7,77,-24,109,-39,122,-66,59,-83,86,-101,103,-94,109,-77,49,-96,67,-131,89,-136,103,-124,35,-103,46,-141,67,-151,84,-146,19,-103,27,-135,44,-149,63,-149,B
0,0,40,-6,78,-24,110,-39,122,-65,59,-83,87,-100,104,-93,109,-76,49,-97,67,-132,88,-137,101,-124,34,-103,45,-141,66,-152,82,-146,18,-102,25,-135,42,-149,60,-148,B
0,0,41,-7,77,-24,109,-39,122,-66,59,-83,86,-101,102,-94,108,-77,49,-96,67,-131,88,-137,102,-127,34,-103,45,-141,66,-152,84,-147,19,-102,27,-135,44,-149,62,-149,B
0,0,39,-7,77,-24,108,-39,121,-65,59,-84,87,-101,103,-93,107,-75,48,-98,67,-133,88,-136,100,-122,33,-104,45,-142,66,-152,82,-146,17,-103,24,-135,41,-149,59,-149,B
0,0,40,-7,77,-24,108,-39,123,-65,59,-83,86,-101,102,-93,108,-76,49,-97,67,-130,89,-135,103,-124,34,-103,45,-141,66,-152,83,-148,19,-103,25,-135,42,-148,60,-149,B
0,0,39,-6,78,-24,110,-39,121,-65,59,-83,87,-101,102,-93,107,-75,49,-97,68,-132,89,-136,101,-123,34,-104,46,-141,66,-152,82,-147,18,-103,25,-135,41,-148,58,-149,B
0,0,40,-7,77,-24,109,-39,123,-65,60,-83,87,-101,102,-92,107,-75,49,-97,68,-130,89,-134,102,-123,35,-103,46,-141,66,-152,82,-148,19,-103,25,-135,41,-148,58,-149,B
0,0,41,-6,79,-24,111,-39,123,-64,61,-83,88,-100,104,-94,109,-78,50,-97,68,-132,88,-137,101,-126,35,-104,46,-141,66,-152,82,-147,19,-103,25,-135,41,-148,58,-149,B
0,0,41,-6,78,-24,110,-39,123,-65,61,-83,87,-101,103,-94,109,-77,50,-97,68,-132,88,-137,101,-125,35,-103,46,-141,66,-152,83,-148,19,-103,26,-135,43,-149,60,-149,B
0,0,41,-7,78,-25,110,-40,123,-67,61,-84,88,-102,103,-95,109,-79,50,-98,68,-133,88,-138,101,-127,35,-105,46,-142,66,-153,83,-149,19,-104,26,-136,42,-150,59,-150,B
0,0,40,-8,78,-25,109,-40,121,-67,60,-84,86,-102,102,-95,107,-78,49,-98,66,-133,87,-138,100,-127,34,-104,44,-142,65,-153,82,-149,18,-104,25,-136,40,-149,57,-149,B
0,0,41,-7,78,-24,109,-40,121,-66,60,-84,86,-102,102,-94,106,-76,49,-97,68,-132,88,-136,101,-124,34,-104,46,-141,66,-152,83,-146,18,-103,25,-135,41,-148,58,-149,B
0,0,40,-7,77,-25,108,-40,120,-66,58,-83,85,-101,101,-93,106,-76,48,-97,66,-131,88,-135,102,-125,33,-103,45,-141,66,-152,83,-148,18,-103,25,-135,41,-148,58,-149,B
0,0,39,-6,76,-25,107,-40,119,-66,58,-84,85,-101,100,-93,104,-76,47,-98,66,-133,86,-136,98,-124,32,-104,44,-141,64,-152,80,-147,16,-103,23,-135,39,-148,56,-149,B
0,0,41,-6,78,-24,109,-39,122,-65,60,-83,86,-102,102,-93,107,-74,49,-96,69,-131,91,-133,104,-119,35,-103,46,-141,68,-150,85,-144,19,-102,25,-134,42,-147,60,-147,B
0,0,41,-5,79,-23,111,-39,122,-65,61,-82,88,-101,104,-93,109,-75,50,-96,69,-130,91,-134,104,-122,36,-103,48,-140,69,-150,85,-144,19,-102,27,-134,43,-148,61,-148,B
0,0,41,-6,80,-24,112,-40,123,-66,62,-83,89,-101,105,-95,110,-78,51,-97,69,-132,90,-136,103,-125,36,-104,48,-141,69,-152,85,-146,20,-103,27,-135,43,-149,60,-150,B
0,0,40,-6,78,-24,110,-39,122,-66,60,-83,87,-100,104,-93,110,-77,49,-96,68,-131,90,-136,103,-125,35,-103,47,-141,68,-152,85,-146,19,-103,26,-135,42,-149,60,-149,B
0,0,40,-6,78,-24,110,-40,122,-66,60,-83,87,-100,104,-94,110,-77,50,-97,69,-132,90,-136,102,-124,35,-103,47,-141,68,-151,84,-146,19,-103,26,-135,42,-149,58,-149,B
0,0,41,-8,79,-25,110,-40,122,-67,60,-84,88,-102,104,-94,110,-77,50,-97,69,-133,90,-137,103,-124,35,-104,47,-142,68,-152,85,-146,19,-103,27,-136,44,-150,62,-150,B
0,0,40,-7,78,-24,109,-40,121,-66,60,-83,86,-101,102,-94,107,-79,49,-97,68,-132,89,-136,101,-124,34,-103,46,-142,67,-152,84,-146,18,-103,25,-135,42,-149,59,-149,B
0,0,40,-7,78,-24,109,-39,121,-66,59,-83,87,-101,103,-94,107,-76,49,-97,68,-132,89,-136,102,-123,34,-103,46,-141,67,-151,84,-146,18,-102,26,-135,42,-149,60,-149,B
0,0,40,-6,77,-24,109,-40,120,-66,58,-82,85,-101,102,-93,107,-76,48,-96,67,-130,89,-134,102,-123,33,-103,45,-141,66,-151,84,-146,18,-102,25,-135,43,-148,61,-149,B
0,0,39,-6,76,-24,109,-39,120,-66,60,-82,88,-100,103,-94,108,-76,49,-96,69,-132,90,-135,101,-121,34,-103,46,-141,67,-151,83,-145,17,-103,26,-134,42,-148,59,-149,B
0,0,39,-6,76,-24,109,-39,120,-66,59,-82,86,-100,103,-93,107,-76,48,-96,68,-130,90,-133,103,-120,34,-103,46,-141,67,-151,84,-146,18,-103,25,-135,42,-148,60,-148,B
0,0,40,-6,77,-24,110,-40,121,-66,61,-83,88,-100,103,-94,108,-78,50,-97,69,-132,89,-136,101,-123,35,-103,46,-141,67,-151,83,-145,18,-103,25,-135,41,-148,58,-148,B
0,0,40,-7,77,-24,108,-40,120,-67,59,-82,86,-100,101,-92,105,-75,48,-96,67,-130,88,-135,102,-125,33,-103,45,-141,66,-152,83,-147,18,-103,24,-135,40,-148,58,-149,B
0,0,39,-6,77,-23,108,-38,119,-64,58,-82,85,-99,101,-92,107,-75,47,-96,66,-131,87,-135,99,-122,32,-102,44,-140,64,-150,80,-144,16,-102,23,-134,39,-147,56,-146,B
0,0,39,-6,76,-24,107,-39,120,-64,58,-82,84,-100,100,-91,107,-75,47,-95,67,-129,88,-133,102,-121,33,-102,44,-140,65,-150,82,-145,17,-102,24,-134,41,-147,58,-147,B
0,0,39,-5,77,-23,109,-39,119,-65,58,-82,86,-99,102,-92,107,-75,47,-96,67,-131,87,-134,99,-121,32,-103,44,-140,65,-150,81,-144,16,-102,24,-134,40,-147,57,-146,B
0,0,39,-7,76,-24,108,-39,120,-65,58,-82,85,-99,100,-91,106,-74,47,-95,66,-129,88,-133,101,-122,33,-102,45,-140,65,-150,81,-145,17,-102,24,-134,41,-147,58,-147,B
0,0,39,-5,77,-23,109,-39,120,-65,59,-82,86,-100,102,-92,107,-74,48,-96,68,-131,89,-134,101,-120,33,-103,46,-140,67,-150,83,-143,17,-102,25,-134,42,-147,59,-146,B
0,0,40,-6,77,-23,109,-38,121,-64,58,-81,85,-98,101,-90,106,-73,48,-94,66,-128,87,-133,101,-122,34,-101,45,-139,66,-149,83,-144,18,-101,26,-133,42,-147,60,-146,B
0,0,40,-6,78,-23,109,-39,120,-65,59,-82,86,-99,102,-92,107,-74,48,-96,67,-131,88,-135,100,-122,33,-103,45,-140,66,-150,82,-144,17,-103,25,-134,41,-147,58,-146,B
0,0,40,-6,77,-23,109,-38,122,-63,59,-81,86,-98,101,-90,107,-74,49,-94,68,-128,89,-132,102,-122,34,-101,46,-138,67,-149,84,-145,19,-101,27,-133,43,-146,60,-146,B
0,0,38,-5,76,-23,108,-39,118,-65,58,-82,85,-99,100,-92,105,-74,47,-96,67,-130,87,-134,99,-123,32,-103,45,-139,64,-150,80,-146,16,-102,24,-134,40,-147,56,-148,B
0,0,40,-6,78,-24,109,-39,121,-64,60,-83,87,-101,101,-93,105,-75,49,-96,68,-130,88,-135,101,-124,34,-103,46,-140,66,-151,82,-146,18,-102,26,-134,41,-147,57,-147,B
0,0,40,-6,77,-23,109,-39,120,-64,59,-83,85,-100,101,-93,105,-75,48,-96,66,-131,87,-135,99,-124,33,-103,45,-140,65,-151,81,-146,17,-102,24,-134,40,-147,57,-147,B
0,0,41,-6,78,-24,110,-39,120,-65,60,-82,86,-100,101,-92,105,-75,49,-96,68,-130,89,-135,101,-123,34,-103,46,-139,67,-151,82,-147,18,-102,26,-134,42,-147,59,-148,B
0,0,40,-5,78,-23,110,-39,120,-64,60,-82,87,-101,102,-93,106,-76,49,-96,68,-131,88,-136,99,-124,34,-103,46,-140,66,-151,81,-146,17,-103,25,-134,40,-147,56,-147,B
0,0,40,-6,78,-23,109,-39,120,-64,59,-82,86,-100,101,-93,106,-76,49,-96,68,-130,88,-135,101,-124,34,-103,46,-139,67,-150,83,-146,17,-103,25,-134,41,-147,58,-147,B
0,0,40,-5,78,-23,109,-39,120,-64,60,-82,86,-99,101,-93,106,-76,49,-96,68,-130,88,-135,100,-123,34,-103,46,-140,66,-151,82,-146,17,-102,25,-134,41,-147,57,-147,B
0,0,40,-6,78,-24,109,-40,120,-66,60,-83,86,-101,101,-93,105,-75,49,-97,67,-131,88,-136,101,-125,34,-103,46,-141,67,-152,83,-147,17,-103,26,-135,42,-148,59,-148,B
0,0,40,-6,77,-24,109,-40,120,-66,60,-83,86,-101,101,-94,105,-77,49,-97,68,-131,88,-136,100,-123,34,-104,46,-141,67,-152,82,-146,17,-104,26,-135,42,-149,58,-148,B
0,0,40,-6,77,-23,108,-38,121,-64,59,-82,86,-100,102,-91,107,-74,49,-95,68,-130,91,-133,103,-119,34,-102,47,-141,69,-150,85,-143,18,-102,27,-135,44,-148,62,-147,B
0,0,40,-6,77,-23,108,-38,120,-64,59,-82,86,-100,102,-92,107,-75,49,-95,68,-130,90,-133,102,-119,34,-102,47,-141,68,-150,84,-144,18,-102,27,-135,44,-148,61,-148,B
0,0,40,-5,77,-23,109,-39,120,-65,60,-82,86,-100,101,-92,105,-76,49,-96,68,-130,89,-133,101,-121,34,-103,46,-140,67,-151,83,-145,18,-102,26,-135,42,-148,59,-148,B
0,0,41,-6,78,-23,109,-39,120,-65,59,-82,85,-100,101,-92,107,-76,48,-96,67,-131,87,-135,100,-123,33,-102,45,-140,66,-151,82,-145,17,-102,25,-134,41,-148,58,-147,B
0,0,40,-5,77,-23,109,-39,120,-65,59,-82,86,-101,101,-93,106,-75,49,-96,67,-131,88,-135,100,-121,34,-103,46,-140,66,-150,82,-145,17,-102,25,-134,41,-147,58,-147,B
0,0,40,-5,77,-23,109,-39,120,-65,59,-82,85,-100,101,-92,106,-75,49,-96,67,-131,88,-135,101,-122,34,-102,45,-140,66,-151,82,-145,17,-102,25,-134,41,-148,58,-147,B
0,0,41,-5,78,-23,110,-39,121,-65,60,-82,86,-100,102,-93,107,-76,49,-95,68,-130,90,-133,103,-120,35,-102,47,-140,68,-150,84,-144,19,-102,27,-135,44,-148,61,-147,B
0,0,41,-6,78,-23,110,-39,120,-64,61,-82,86,-99,102,-93,107,-77,50,-96,69,-130,89,-134,101,-121,35,-103,48,-140,68,-150,84,-145,19,-103,27,-135,44,-148,61,-148,B
0,0,40,-7,78,-24,109,-40,120,-66,61,-83,86,-101,101,-93,106,-77,50,-97,68,-131,89,-135,101,-124,35,-104,47,-141,68,-151,84,-146,18,-103,27,-135,43,-149,60,-149,B
0,0,40,-5,78,-23,109,-39,120,-64,60,-81,86,-99,103,-93,108,-77,50,-95,69,-130,90,-135,102,-122,35,-102,47,-140,68,-150,85,-144,19,-102,28,-134,44,-147,61,-147,B
0,0,41,-5,79,-23,110,-39,121,-64,61,-81,87,-99,103,-93,108,-77,51,-95,70,-129,91,-134,104,-123,36,-102,48,-140,69,-150,86,-145,20,-102,29,-134,46,-147,63,-148,B
0,0,41,-5,79,-23,110,-39,121,-64,62,-81,88,-99,103,-93,108,-76,51,-95,71,-130,91,-134,103,-121,36,-102,49,-140,70,-150,86,-145,20,-103,28,-135,45,-148,62,-148,B
0,0,40,-5,78,-23,111,-39,120,-65,62,-82,88,-100,102,-92,106,-75,51,-95,71,-129,92,-133,104,-121,36,-102,49,-140,70,-150,86,-146,19,-103,28,-135,44,-148,61,-148,B
0,0,40,-5,79,-23,110,-39,121,-65,62,-82,88,-100,102,-92,107,-75,51,-95,71,-129,92,-133,104,-121,36,-103,49,-140,70,-150,86,-146,20,-103,28,-135,45,-148,62,-148,B
0,0,41,-6,79,-23,110,-40,120,-65,61,-81,87,-99,102,-93,107,-78,51,-95,71,-129,91,-133,104,-122,36,-102,48,-140,69,-151,85,-147,19,-103,28,-134,43,-148,60,-148,B
0,0,41,-6,79,-23,111,-39,120,-65,61,-81,88,-99,103,-93,108,-77,51,-95,71,-129,91,-134,103,-123,36,-102,48,-139,68,-151,84,-147,19,-103,28,-134,43,-148,60,-148,B
0,0,40,-5,78,-23,109,-39,119,-65,60,-81,86,-100,101,-93,107,-77,49,-95,69,-129,90,-134,102,-123,34,-103,47,-140,67,-151,83,-146,18,-103,26,-135,41,-148,58,-148,B
0,0,40,-5,77,-23,108,-39,119,-65,60,-81,86,-99,102,-92,108,-76,49,-95,70,-130,90,-134,103,-122,35,-102,47,-140,68,-150,84,-145,18,-103,26,-135,42,-148,60,-148,B
0,0,40,-5,77,-23,108,-40,118,-66,59,-82,85,-100,102,-93,107,-77,48,-95,69,-131,91,-134,102,-120,33,-102,46,-141,67,-151,83,-144,17,-102,24,-135,41,-148,58,-147,B
0,0,41,-6,78,-22,109,-38,119,-64,59,-80,86,-99,103,-92,109,-76,49,-94,70,-128,92,-132,105,-118,34,-101,48,-139,69,-149,86,-142,18,-101,27,-134,44,-147,62,-146,B
0,0,42,-5,78,-22,109,-39,120,-64,60,-81,86,-99,102,-92,108,-76,49,-95,70,-130,91,-133,103,-119,34,-102,47,-140,69,-149,85,-142,18,-102,26,-134,43,-147,60,-146,B
0,0,41,-6,78,-22,109,-38,119,-64,59,-81,86,-99,103,-92,109,-76,49,-95,71,-130,93,-132,105,-117,35,-102,48,-140,70,-149,87,-140,18,-102,27,-134,45,-147,63,-146,B
0,0,40,-5,77,-22,108,-38,119,-63,59,-81,86,-98,102,-91,107,-77,49,-94,69,-128,91,-132,104,-118,34,-102,47,-139,69,-149,85,-143,18,-102,26,-134,43,-147,61,-147,B
0,0,40,-5,77,-22,108,-38,119,-64,60,-81,86,-98,102,-92,107,-77,49,-95,70,-129,91,-133,103,-120,34,-102,47,-139,68,-149,84,-143,17,-102,26,-134,42,-147,59,-146,B
0,0,40,-6,77,-23,109,-39,120,-65,59,-82,85,-100,101,-93,107,-77,49,-96,68,-131,90,-135,103,-124,34,-103,46,-141,67,-151,84,-145,17,-103,25,-135,42,-148,59,-147,B
0,0,40,-5,78,-22,109,-39,119,-64,60,-81,85,-99,101,-92,107,-76,49,-95,68,-130,89,-135,101,-123,34,-102,46,-140,67,-150,83,-144,18,-101,25,-133,41,-146,58,-146,B
0,0,39,-5,77,-22,108,-38,118,-64,58,-81,85,-100,99,-92,104,-75,47,-95,67,-130,88,-134,101,-122,33,-102,45,-140,66,-150,82,-144,16,-101,23,-133,39,-147,56,-146,B
0,0,39,-5,77,-22,108,-38,118,-64,59,-81,85,-100,100,-93,104,-75,48,-95,67,-130,87,-135,100,-123,33,-102,45,-139,65,-150,81,-145,16,-102,23,-133,39,-146,55,-146,B
0,0,40,-5,78,-22,108,-38,119,-64,59,-81,85,-99,101,-92,107,-76,48,-95,68,-130,89,-135,102,-123,34,-102,46,-140,67,-150,83,-144,17,-102,24,-134,41,-147,58,-146,B
0,0,39,-5,77,-22,107,-39,117,-64,59,-81,84,-99,100,-92,106,-77,48,-95,66,-130,86,-135,99,-124,33,-102,44,-139,64,-150,81,-144,16,-102,24,-134,39,-146,56,-146,B
0,0,40,-5,78,-22,109,-39,119,-64,60,-81,85,-99,101,-93,107,-78,49,-95,67,-130,87,-136,100,-125,34,-102,46,-139,65,-150,82,-145,17,-102,25,-134,40,-146,57,-146,B
0,0,40,-5,77,-22,108,-38,119,-63,60,-81,85,-98,101,-93,109,-79,49,-95,67,-129,88,-134,100,-123,34,-102,46,-139,66,-149,83,-144,17,-102,25,-134,41,-146,58,-146,B
0,0,40,-5,77,-22,108,-38,119,-64,60,-81,85,-98,101,-93,108,-79,49,-95,68,-130,88,-134,101,-122,34,-102,46,-139,66,-149,83,-143,17,-102,25,-134,41,-147,58,-146,B
0,0,41,-5,78,-22,109,-38,120,-63,60,-81,85,-98,101,-92,108,-77,49,-95,68,-129,88,-134,102,-123,35,-102,46,-139,67,-149,84,-144,18,-102,26,-134,42,-146,58,-145,B
0,0,40,-5,78,-22,108,-38,118,-64,60,-81,85,-98,101,-93,107,-78,49,-95,67,-129,87,-134,100,-123,34,-102,46,-138,66,-149,82,-145,17,-102,25,-133,41,-146,58,-146,B
0,0,40,-5,78,-22,108,-38,118,-64,60,-81,85,-98,101,-93,107,-78,49,-95,68,-129,88,-134,100,-122,34,-102,46,-139,66,-149,82,-144,17,-102,25,-133,41,-146,58,-146,B
0,0,41,-5,78,-22,108,-38,119,-64,59,-80,85,-98,101,-92,108,-77,49,-94,68,-128,89,-133,102,-122,34,-101,46,-138,66,-149,83,-144,17,-102,25,-133,41,-146,58,-147,B
0,0,40,-5,78,-22,108,-38,118,-64,59,-80,85,-98,101,-92,107,-76,49,-94,68,-128,88,-133,101,-122,34,-101,45,-138,65,-149,82,-145,17,-101,25,-133,40,-146,57,-146,B
0,0,47,-9,82,-27,111,-36,137,-41,58,-99,76,-133,102,-143,124,-142,48,-103,69,-148,102,-152,125,-141,42,-103,62,-150,97,-153,122,-142,39,-96,61,-132,87,-141,109,-139,C
0,0,47,-8,83,-26,113,-35,139,-39,60,-97,79,-132,104,-141,125,-140,51,-102,71,-146,103,-151,127,-139,44,-102,64,-149,98,-152,123,-141,41,-95,62,-131,88,-140,110,-138,C
0,0,46,-8,80,-26,110,-35,137,-40,57,-97,75,-132,100,-142,122,-141,48,-102,68,-147,100,-152,123,-141,42,-102,61,-150,95,-153,120,-142,40,-95,60,-131,86,-141,109,-140,C
0,0,48,-9,83,-27,113,-36,139,-41,58,-98,77,-133,103,-143,124,-142,49,-103,70,-147,103,-153,127,-141,43,-103,64,-150,99,-154,124,-142,41,-96,63,-132,89,-141,111,-138,C
0,0,46,-8,82,-27,113,-36,139,-41,61,-98,79,-133,105,-143,126,-141,51,-103,71,-148,104,-153,127,-141,44,-102,64,-150,98,-154,122,-142,40,-96,61,-132,86,-142,107,-140,C
0,0,46,-9,82,-27,112,-36,138,-41,60,-99,78,-134,104,-144,125,-142,51,-103,70,-148,102,-153,125,-141,44,-102,63,-151,97,-154,121,-142,41,-96,61,-132,86,-142,108,-140,C
0,0,46,-9,82,-27,112,-36,138,-41,60,-99,78,-134,103,-144,125,-142,51,-103,70,-148,102,-153,125,-142,43,-102,63,-150,97,-154,121,-143,40,-95,61,-131,86,-141,108,-139,C
0,0,46,-9,81,-27,110,-35,136,-40,59,-97,76,-133,101,-143,123,-142,49,-102,68,-147,100,-152,124,-141,42,-102,61,-149,95,-153,120,-142,38,-95,59,-131,84,-140,106,-138,C
0,0,48,-9,83,-27,113,-35,138,-40,60,-98,78,-133,103,-142,124,-141,50,-103,69,-147,102,-152,125,-140,43,-102,63,-150,97,-153,122,-141,41,-95,62,-132,88,-141,110,-138,C
0,0,47,-9,82,-27,111,-35,137,-40,59,-98,77,-133,102,-143,124,-142,50,-103,69,-148,101,-153,124,-140,43,-103,62,-150,96,-153,120,-142,40,-96,60,-132,86,-140,109,-138,C
0,0,47,-10,82,-28,112,-36,137,-41,59,-99,77,-133,102,-144,124,-143,50,-103,69,-148,101,-154,124,-143,42,-103,62,-150,96,-155,121,-144,39,-96,60,-132,86,-141,108,-139,C
0,0,47,-10,82,-28,111,-36,137,-41,59,-98,76,-133,101,-143,122,-142,49,-103,68,-148,100,-153,123,-142,42,-103,61,-150,95,-154,120,-143,40,-96,60,-132,86,-141,109,-139,C
0,0,46,-9,81,-27,110,-35,136,-40,58,-98,76,-132,100,-142,121,-141,49,-103,68,-147,99,-153,122,-141,42,-102,61,-149,94,-153,119,-142,38,-95,59,-131,85,-140,107,-138,C
0,0,48,-9,83,-28,112,-36,137,-42,59,-98,77,-133,102,-143,124,-143,50,-103,69,-148,101,-154,124,-142,43,-103,62,-151,97,-154,122,-143,41,-96,61,-133,87,-141,110,-139,C
0,0,47,-9,82,-27,111,-36,136,-41,58,-98,76,-133,101,-143,123,-142,49,-103,68,-148,101,-153,124,-141,42,-102,62,-150,97,-154,121,-142,40,-95,60,-132,86,-140,109,-138,C
0,0,47,-9,81,-28,111,-37,136,-42,58,-99,76,-134,101,-143,123,-142,49,-104,68,-148,101,-154,124,-142,42,-103,62,-151,96,-154,121,-143,39,-96,60,-133,86,-141,109,-138,C
0,0,47,-9,82,-28,112,-36,138,-42,59,-99,77,-133,102,-144,124,-143,50,-104,69,-148,101,-154,124,-143,43,-103,62,-150,96,-155,121,-144,40,-96,61,-132,87,-141,109,-139,C
0,0,46,-9,81,-28,110,-36,136,-42,59,-98,76,-133,101,-143,122,-143,49,-103,68,-148,100,-154,123,-143,42,-103,62,-150,96,-155,120,-144,39,-96,60,-132,86,-141,108,-139,C
0,0,46,-9,81,-28,110,-36,136,-42,59,-98,76,-133,101,-143,122,-143,49,-103,68,-148,100,-154,123,-143,42,-102,62,-150,96,-155,121,-144,39,-96,60,-132,86,-141,108,-139,C
0,0,47,-9,81,-28,111,-36,137,-42,59,-97,77,-133,102,-143,123,-142,50,-102,69,-148,101,-154,124,-143,42,-102,62,-150,96,-155,121,-144,39,-96,60,-132,86,-141,108,-139,C
0,0,46,-9,80,-27,109,-35,135,-40,58,-97,76,-132,101,-142,122,-141,49,-102,68,-147,100,-153,123,-141,42,-101,61,-149,95,-153,119,-142,39,-95,59,-131,84,-140,107,-137,C
0,0,47,-9,81,-27,111,-35,136,-41,58,-96,76,-131,101,-142,122,-141,49,-101,69,-146,100,-152,123,-141,42,-101,62,-149,96,-153,120,-142,39,-95,60,-131,86,-140,108,-138,C
0,0,45,-9,80,-27,110,-35,136,-40,58,-97,75,-133,101,-143,122,-141,49,-102,67,-147,100,-153,123,-141,41,-101,61,-150,95,-153,120,-141,38,-95,59,-131,85,-140,107,-137,C
0,0,46,-9,81,-28,111,-36,137,-42,58,-98,76,-133,101,-143,123,-142,49,-102,68,-147,101,-153,124,-142,42,-102,62,-150,96,-154,121,-144,39,-96,60,-132,86,-141,108,-138,C
0,0,45,-8,80,-26,110,-35,136,-41,58,-97,75,-132,100,-142,122,-141,49,-102,67,-147,99,-152,123,-141,42,-101,61,-149,95,-154,120,-142,38,-95,59,-131,85,-140,108,-137,C
0,0,46,-8,80,-26,110,-34,136,-40,58,-97,76,-132,101,-142,122,-140,49,-102,69,-147,101,-153,123,-141,42,-101,62,-149,96,-153,120,-142,39,-94,60,-131,86,-140,109,-137,C
0,0,45,-9,81,-27,111,-36,137,-41,58,-98,76,-133,101,-143,122,-142,49,-103,69,-147,101,-153,124,-142,42,-102,62,-150,96,-154,121,-144,39,-96,60,-132,86,-141,109,-139,C
0,0,45,-8,80,-27,110,-36,137,-41,58,-98,76,-133,100,-143,121,-142,49,-103,68,-147,99,-153,122,-143,42,-102,62,-149,95,-154,119,-143,39,-96,60,-131,86,-141,108,-139,C
0,0,46,-8,81,-27,112,-36,138,-41,59,-98,77,-133,101,-143,122,-143,50,-102,69,-147,100,-153,123,-143,43,-102,62,-149,95,-154,120,-144,40,-96,61,-131,86,-141,108,-139,C
0,0,45,-8,80,-27,110,-36,137,-42,58,-98,75,-133,100,-143,121,-143,48,-102,67,-147,98,-153,122,-144,41,-102,60,-149,94,-154,118,-144,39,-95,59,-131,84,-141,107,-140,C
0,0,46,-8,81,-27,111,-36,137,-41,58,-98,76,-133,101,-143,123,-142,49,-103,68,-147,100,-153,123,-143,42,-102,62,-150,95,-154,120,-144,40,-96,61,-132,86,-141,108,-139,C
0,0,46,-9,80,-27,110,-35,136,-41,57,-99,75,-134,100,-143,121,-142,48,-103,67,-147,99,-153,122,-143,42,-102,61,-150,95,-154,119,-143,40,-96,60,-132,85,-141,107,-139,C
0,0,45,-9,80,-27,111,-35,137,-41,58,-98,75,-133,100,-143,122,-142,49,-103,68,-147,99,-153,123,-142,42,-102,61,-150,95,-154,120,-143,40,-96,60,-132,85,-141,107,-139,C
0,0,46,-9,80,-27,111,-35,137,-41,58,-98,76,-134,101,-144,122,-142,49,-103,68,-148,100,-153,123,-142,42,-102,61,-150,95,-154,119,-143,40,-95,59,-132,84,-141,106,-139,C
0,0,46,-9,81,-28,111,-36,136,-41,57,-98,75,-133,100,-143,121,-142,48,-103,67,-147,99,-154,122,-143,42,-102,61,-149,95,-154,119,-143,40,-95,60,-131,84,-141,106,-139,C
0,0,46,-8,81,-26,111,-35,137,-41,58,-97,76,-132,101,-142,122,-142,49,-102,68,-146,100,-153,123,-142,42,-101,62,-149,96,-153,121,-143,40,-95,60,-131,86,-140,108,-138,C
0,0,46,-8,80,-27,110,-35,135,-40,57,-97,75,-132,100,-143,121,-142,48,-102,67,-147,98,-153,122,-142,41,-101,60,-149,94,-153,119,-143,39,-95,59,-131,85,-140,107,-138,C
0,0,45,-9,80,-28,110,-36,136,-42,57,-98,74,-134,100,-144,121,-142,48,-103,67,-148,99,-153,123,-142,41,-102,61,-150,95,-154,120,-143,39,-95,59,-132,85,-141,107,-138,C
0,0,46,-9,81,-27,111,-36,138,-41,59,-98,77,-133,101,-143,123,-143,50,-103,69,-147,101,-153,124,-143,43,-102,63,-149,97,-154,122,-144,40,-96,61,-132,87,-141,109,-139,C
0,0,45,-8,79,-26,110,-35,136,-40,58,-98,75,-133,100,-143,121,-142,49,-103,67,-147,99,-153,122,-142,42,-102,60,-149,94,-153,118,-142,39,-95,58,-130,83,-140,106,-139,C
0,0,47,-10,81,-28,111,-36,137,-42,57,-98,75,-132,100,-143,122,-143,48,-103,68,-146,99,-153,123,-143,41,-102,61,-149,95,-154,120,-144,39,-96,60,-132,86,-141,108,-139,C
0,0,46,-9,80,-27,110,-36,136,-42,58,-98,75,-132,100,-143,121,-143,49,-103,67,-147,98,-153,122,-143,42,-102,61,-149,94,-154,119,-144,39,-96,60,-132,85,-142,108,-140,C
0,0,46,-9,81,-27,111,-36,137,-42,58,-98,75,-134,100,-144,121,-143,48,-103,67,-147,99,-154,122,-143,42,-102,61,-149,94,-154,120,-144,39,-95,60,-132,85,-141,108,-140,C
0,0,46,-9,81,-27,111,-35,137,-41,57,-98,75,-133,99,-142,121,-142,48,-102,67,-146,98,-152,122,-142,41,-101,61,-148,94,-153,119,-143,39,-95,60,-130,85,-140,107,-138,C
0,0,46,-9,80,-27,110,-35,136,-41,57,-98,74,-133,99,-142,120,-141,48,-102,66,-147,98,-153,121,-142,41,-102,60,-149,93,-153,118,-142,39,-95,59,-131,84,-141,106,-139,C
0,0,46,-8,81,-27,110,-35,136,-41,57,-98,74,-133,99,-142,120,-141,48,-102,66,-146,98,-152,121,-142,41,-102,60,-149,93,-153,118,-143,39,-95,59,-131,84,-140,106,-139,C
0,0,46,-9,80,-27,110,-36,136,-41,56,-97,74,-132,99,-142,120,-142,47,-102,66,-146,98,-152,122,-142,41,-101,60,-148,93,-153,119,-143,38,-94,59,-131,84,-140,106,-139,C
0,0,46,-9,81,-27,111,-35,137,-41,58,-97,75,-132,100,-142,121,-142,48,-102,67,-146,98,-153,122,-142,41,-101,60,-148,94,-153,119,-143,39,-94,59,-130,84,-140,107,-138,C
0,0,45,-10,80,-28,110,-36,136,-42,57,-99,74,-134,99,-143,120,-143,48,-103,67,-148,98,-154,121,-143,41,-102,60,-149,93,-154,118,-144,38,-95,58,-131,84,-141,106,-140,C
0,0,46,-10,82,-28,112,-36,138,-42,58,-97,75,-132,100,-143,122,-143,49,-102,68,-146,99,-153,123,-144,42,-101,61,-148,94,-154,120,-145,39,-95,60,-131,85,-141,108,-140,C
0,0,45,-9,79,-27,109,-36,135,-41,58,-98,75,-134,99,-144,120,-143,49,-102,67,-147,98,-153,120,-143,41,-102,60,-149,92,-154,116,-144,38,-95,57,-131,82,-141,104,-140,C
0,0,46,-10,80,-28,110,-36,136,-41,57,-98,74,-134,99,-143,120,-143,48,-103,66,-147,97,-154,121,-143,41,-102,59,-149,93,-154,117,-144,38,-95,58,-131,83,-141,105,-140,C
0,0,46,-10,80,-28,110,-36,136,-42,56,-98,73,-133,98,-143,120,-143,47,-102,66,-146,97,-153,121,-144,40,-102,60,-149,93,-154,118,-145,38,-96,58,-131,84,-141,106,-140,C
0,0,46,-9,80,-27,110,-35,136,-41,57,-97,74,-131,99,-142,120,-142,48,-102,66,-146,97,-153,121,-143,41,-101,60,-148,93,-153,118,-143,38,-95,59,-131,84,-140,106,-139,C
0,0,45,-9,78,-27,108,-35,133,-41,55,-97,72,-132,96,-142,118,-142,46,-102,64,-146,95,-153,119,-143,39,-101,57,-149,91,-154,116,-144,36,-95,56,-131,81,-140,104,-139,C
0,0,46,-8,80,-26,110,-34,136,-40,57,-96,75,-131,99,-141,120,-141,48,-101,67,-145,98,-151,121,-141,41,-100,60,-147,93,-152,118,-142,37,-94,58,-130,83,-139,105,-138,C
0,0,45,-8,79,-26,109,-34,134,-39,57,-97,73,-132,98,-141,118,-140,48,-101,66,-146,96,-152,119,-141,40,-101,59,-148,91,-152,115,-141,37,-94,57,-130,82,-140,103,-138,C
0,0,47,-9,81,-27,111,-35,136,-42,58,-97,76,-132,100,-142,121,-141,49,-102,68,-147,99,-153,123,-142,42,-102,61,-149,94,-154,119,-143,39,-95,59,-131,84,-141,107,-139,C
0,0,47,-10,82,-28,111,-36,138,-42,58,-98,75,-133,100,-143,121,-142,49,-103,68,-148,99,-154,123,-143,42,-102,61,-150,95,-155,120,-144,39,-96,59,-132,84,-141,107,-139,C
0,0,46,-9,80,-26,110,-35,135,-40,58,-97,75,-132,99,-142,120,-141,49,-102,67,-147,99,-153,121,-142,41,-102,60,-149,94,-153,119,-143,38,-95,58,-131,83,-140,105,-138,C
0,0,47,-9,81,-27,111,-35,137,-41,59,-97,75,-131,100,-141,121,-141,49,-102,68,-146,99,-153,122,-142,42,-101,61,-149,95,-154,120,-143,39,-95,59,-131,84,-140,107,-138,C
0,0,45,-9,80,-27,109,-35,135,-40,58,-97,74,-132,99,-142,121,-141,48,-102,67,-147,98,-153,121,-142,41,-101,60,-149,93,-154,119,-143,38,-95,58,-131,83,-140,105,-138,C
0,0,45,-10,80,-28,110,-36,135,-42,56,-98,74,-133,99,-143,120,-143,47,-102,66,-148,98,-154,121,-144,40,-102,59,-149,93,-154,118,-144,37,-95,57,-131,83,-141,105,-139,C
0,0,45,-10,80,-28,110,-36,136,-42,57,-97,74,-132,98,-143,120,-143,47,-102,66,-147,97,-154,121,-144,40,-101,59,-149,93,-154,118,-145,37,-95,58,-131,83,-141,105,-139,C
0,0,45,-9,80,-27,110,-35,136,-41,57,-97,74,-132,98,-142,119,-141,48,-102,66,-146,97,-153,120,-142,40,-101,59,-148,92,-153,117,-143,37,-95,58,-130,83,-140,105,-139,C
0,0,45,-10,79,-28,109,-36,135,-42,56,-97,74,-133,98,-143,120,-142,47,-102,66,-147,97,-153,121,-143,40,-102,60,-149,93,-154,118,-144,37,-95,58,-131,83,-141,105,-139,C
0,0,45,-9,79,-27,109,-35,135,-41,56,-97,73,-132,98,-142,119,-141,47,-101,66,-146,97,-153,120,-142,40,-101,60,-148,93,-153,118,-143,37,-95,58,-130,84,-140,106,-138,C
0,0,46,-10,81,-28,110,-36,136,-42,57,-97,74,-133,98,-143,120,-143,48,-102,66,-147,97,-154,121,-144,41,-101,59,-149,93,-154,118,-144,38,-95,58,-131,84,-141,106,-139,C
0,0,46,-9,80,-27,110,-36,136,-42,57,-97,74,-133,98,-143,120,-143,47,-102,66,-147,97,-154,121,-144,41,-101,59,-149,93,-154,118,-144,38,-94,58,-131,83,-141,105,-140,C
0,0,46,-10,81,-28,111,-37,137,-43,57,-98,75,-133,99,-144,120,-144,48,-102,67,-147,98,-154,122,-145,41,-102,61,-149,94,-155,119,-146,39,-95,59,-132,84,-142,107,-141,C
0,0,46,-9,80,-27,110,-36,136,-43,57,-97,74,-132,98,-143,119,-143,48,-102,66,-146,97,-153,120,-144,41,-101,60,-149,93,-154,118,-145,39,-95,58,-131,83,-141,106,-140,C
0,0,45,-9,80,-27,110,-37,137,-43,57,-97,74,-132,98,-143,119,-143,48,-102,66,-146,97,-153,120,-144,41,-101,60,-149,92,-154,117,-144,38,-96,58,-131,83,-142,105,-140,C
0,0,45,-9,80,-27,110,-36,137,-43,57,-96,74,-132,98,-143,119,-143,48,-101,66,-146,97,-153,120,-144,41,-101,60,-149,93,-154,117,-145,38,-96,58,-131,83,-141,105,-140,C
0,0,45,-9,80,-27,110,-37,137,-43,57,-97,74,-132,98,-143,119,-143,48,-102,66,-147,97,-154,120,-144,41,-102,60,-149,93,-155,118,-145,38,-96,59,-131,84,-141,106,-140,C
0,0,46,-10,80,-28,110,-37,136,-43,57,-97,74,-133,98,-143,119,-144,47,-102,66,-146,97,-153,120,-144,41,-102,60,-149,93,-154,118,-145,38,-95,58,-131,83,-141,106,-140,C
0,0,46,-9,80,-27,110,-36,136,-42,57,-97,74,-132,98,-142,119,-142,47,-101,66,-146,97,-152,121,-143,41,-101,60,-148,93,-153,118,-144,38,-94,59,-130,84,-140,106,-139,C
0,0,45,-9,80,-28,110,-37,136,-43,57,-97,73,-132,98,-143,119,-144,47,-102,66,-146,96,-153,120,-145,40,-101,59,-149,92,-154,117,-146,38,-95,58,-131,83,-141,106,-140,C
0,0,46,-9,80,-27,110,-36,136,-42,57,-96,74,-131,99,-142,120,-142,48,-101,67,-145,98,-152,121,-143,41,-101,60,-148,93,-153,118,-144,38,-95,58,-130,83,-140,105,-139,C
0,0,45,-8,80,-26,110,-35,136,-42,57,-96,73,-132,98,-143,120,-143,48,-101,65,-146,97,-153,120,-143,41,-101,60,-149,93,-154,118,-144,38,-95,59,-131,84,-141,106,-139,C
0,0,45,-9,80,-27,109,-36,135,-43,56,-97,74,-132,98,-143,120,-144,47,-102,66,-146,97,-153,121,-144,40,-101,60,-149,93,-155,118,-146,38,-95,58,-132,83,-142,105,-140,C
0,0,45,-9,79,-26,109,-35,136,-41,57,-96,74,-131,99,-142,120,-142,48,-102,67,-146,98,-152,121,-143,41,-101,60,-148,94,-154,119,-144,38,-95,58,-131,83,-140,106,-139,C
0,0,46,-9,80,-27,109,-35,136,-41,57,-97,74,-132,99,-143,121,-142,48,-102,66,-147,98,-153,121,-143,41,-101,60,-149,93,-154,118,-143,38,-95,58,-130,84,-140,106,-138,C
0,0,46,-9,80,-27,109,-36,136,-42,57,-97,74,-132,99,-142,120,-142,48,-101,67,-146,98,-153,121,-143,41,-101,60,-148,94,-154,119,-144,38,-95,58,-131,83,-141,105,-139,C
0,0,45,-9,79,-27,108,-36,134,-41,56,-96,72,-131,96,-142,117,-143,47,-101,65,-145,95,-152,119,-143,40,-101,58,-148,91,-154,116,-144,37,-95,58,-131,83,-141,105,-139,C
0,0,45,-9,79,-27,108,-36,134,-42,56,-96,73,-131,97,-142,118,-142,47,-101,65,-145,96,-152,119,-143,40,-101,59,-148,92,-154,117,-144,37,-96,57,-131,82,-141,105,-140,C
0,0,44,-8,78,-26,108,-36,134,-43,56,-96,73,-131,97,-142,118,-142,47,-101,65,-145,96,-152,119,-143,40,-101,59,-148,92,-154,117,-145,37,-95,57,-131,81,-141,103,-140,C
0,0,45,-8,79,-26,108,-36,135,-43,56,-96,72,-132,97,-142,118,-142,46,-101,64,-145,95,-152,119,-143,39,-101,58,-148,91,-154,116,-144,37,-96,57,-131,82,-141,104,-139,C
0,0,45,-8,79,-26,109,-36,135,-43,57,-96,73,-132,98,-142,119,-142,48,-101,65,-145,96,-152,119,-143,41,-101,59,-148,92,-154,117,-144,37,-95,58,-131,83,-141,105,-140,C
0,0,44,-9,79,-27,109,-37,135,-44,56,-97,72,-132,97,-143,118,-143,46,-102,64,-146,95,-153,119,-144,39,-102,58,-149,91,-155,116,-145,36,-96,57,-132,82,-142,104,-141,C
0,0,44,-8,79,-27,109,-36,136,-43,56,-96,73,-131,97,-142,119,-143,47,-101,64,-145,95,-153,120,-144,40,-101,59,-148,92,-154,117,-145,38,-95,58,-131,83,-140,105,-140,C
0,0,45,-9,79,-27,108,-36,134,-43,55,-96,72,-131,97,-142,119,-142,46,-102,65,-146,96,-153,120,-143,40,-102,58,-149,92,-154,118,-144,37,-96,57,-131,83,-141,105,-139,C
0,0,45,-10,79,-28,108,-37,135,-44,55,-97,73,-132,97,-143,118,-143,46,-102,65,-146,96,-154,120,-144,39,-102,59,-149,92,-155,117,-146,37,-96,57,-132,83,-142,105,-140,C
0,0,45,-9,78,-26,108,-35,133,-43,56,-96,72,-131,97,-142,118,-142,46,-101,64,-146,96,-153,120,-143,39,-101,58,-148,92,-154,117,-144,37,-95,57,-131,82,-140,105,-139,C
0,0,45,-9,79,-27,109,-36,136,-43,56,-96,73,-130,98,-142,119,-143,47,-101,65,-145,96,-152,120,-143,40,-101,59,-148,92,-154,117,-145,37,-95,58,-131,83,-141,105,-139,C
0,0,44,-8,77,-25,107,-35,134,-41,55,-96,71,-131,96,-142,117,-142,46,-101,64,-145,95,-152,119,-142,38,-100,57,-148,91,-153,116,-143,35,-94,55,-129,80,-140,103,-139,C
0,0,45,-8,79,-26,109,-35,135,-42,57,-96,74,-131,99,-142,120,-141,48,-101,66,-145,97,-152,121,-142,40,-100,59,-148,92,-153,117,-143,37,-94,57,-130,82,-139,104,-137,C
0,0,45,-9,79,-27,109,-36,135,-43,56,-97,73,-132,98,-143,120,-143,47,-102,65,-146,97,-153,121,-143,40,-101,59,-149,92,-154,118,-144,38,-94,57,-131,83,-141,105,-139,C
0,0,46,-9,81,-27,110,-36,136,-43,57,-96,74,-132,99,-143,121,-143,48,-101,66,-146,98,-153,122,-144,41,-101,60,-148,94,-154,119,-145,38,-95,58,-131,83,-140,105,-139,C
0,0,46,-9,80,-27,110,-36,137,-43,57,-96,74,-132,99,-143,121,-144,48,-101,66,-146,97,-153,121,-144,41,-101,60,-148,93,-154,119,-145,38,-95,58,-130,83,-141,105,-140,C
0,0,45,-9,79,-27,109,-36,136,-43,56,-97,73,-132,98,-143,119,-144,47,-102,65,-146,96,-153,120,-145,40,-101,59,-148,92,-154,117,-145,37,-95,57,-130,82,-141,104,-140,C
0,0,-49,-24,-75,-45,-100,-62,-111,-84,-47,-114,-81,-131,-99,-112,-101,-89,-38,-124,-62,-177,-76,-215,-80,-246,-33,-121,-53,-180,-65,-218,-71,-250,-33,-112,-52,-155,-63,-184,-73,-211,D
0,0,-48,-23,-75,-46,-100,-62,-113,-83,-48,-114,-82,-132,-100,-113,-103,-91,-39,-124,-62,-177,-75,-215,-80,-246,-34,-122,-53,-180,-65,-218,-70,-250,-33,-113,-51,-155,-63,-183,-73,-208,D
0,0,-49,-24,-75,-45,-100,-61,-113,-82,-48,-114,-82,-132,-100,-113,-103,-90,-39,-124,-63,-177,-76,-215,-80,-246,-34,-121,-54,-179,-66,-217,-72,-249,-34,-112,-52,-153,-64,-182,-74,-207,D
0,0,-50,-24,-76,-46,-101,-62,-114,-83,-49,-114,-83,-132,-101,-113,-104,-90,-40,-124,-63,-177,-77,-215,-80,-246,-35,-121,-54,-179,-66,-217,-71,-249,-34,-112,-52,-154,-63,-182,-74,-207,D
0,0,-48,-23,-75,-45,-100,-61,-112,-81,-47,-113,-82,-131,-100,-112,-103,-89,-38,-124,-62,-177,-75,-214,-80,-245,-34,-121,-54,-179,-65,-217,-71,-249,-34,-112,-52,-154,-64,-182,-75,-207,D
0,0,-49,-24,-76,-45,-101,-60,-113,-82,-49,-114,-84,-132,-101,-113,-104,-90,-40,-124,-64,-177,-77,-214,-82,-245,-35,-120,-55,-179,-67,-217,-72,-249,-35,-111,-53,-154,-65,-182,-75,-207,D
0,0,-49,-25,-75,-46,-100,-62,-113,-84,-48,-114,-82,-132,-100,-114,-103,-92,-39,-124,-63,-178,-77,-215,-81,-246,-34,-122,-54,-180,-66,-218,-72,-251,-34,-113,-53,-155,-64,-184,-75,-209,D
0,0,-49,-25,-76,-46,-101,-61,-113,-82,-48,-115,-83,-132,-101,-112,-103,-88,-39,-125,-64,-178,-77,-216,-81,-247,-34,-122,-55,-181,-66,-219,-71,-251,-34,-112,-52,-155,-64,-183,-75,-209,D
0,0,-48,-25,-73,-46,-97,-61,-110,-82,-46,-114,-81,-131,-99,-113,-102,-90,-37,-124,-62,-178,-76,-215,-80,-245,-32,-122,-53,-181,-65,-219,-70,-251,-32,-113,-51,-156,-63,-184,-73,-209,D
0,0,-50,-26,-75,-46,-99,-62,-112,-82,-48,-113,-82,-129,-99,-112,-102,-90,-39,-124,-63,-177,-77,-214,-81,-245,-35,-121,-55,-180,-66,-218,-71,-249,-35,-112,-54,-154,-65,-182,-75,-207,D
0,0,-48,-25,-74,-47,-99,-62,-111,-81,-46,-114,-81,-131,-99,-112,-101,-89,-37,-124,-61,-178,-75,-215,-79,-246,-32,-121,-53,-181,-65,-219,-70,-250,-33,-112,-52,-155,-63,-183,-74,-208,D
0,0,-51,-26,-76,-47,-102,-62,-115,-81,-47,-115,-83,-130,-101,-110,-102,-86,-38,-125,-64,-178,-78,-216,-82,-245,-34,-122,-55,-181,-67,-219,-72,-251,-37,-112,-55,-154,-67,-182,-77,-207,D
0,0,-51,-26,-77,-46,-102,-62,-113,-83,-49,-113,-84,-131,-101,-111,-103,-86,-40,-124,-64,-178,-78,-216,-82,-246,-36,-120,-56,-181,-68,-219,-73,-251,-36,-111,-55,-155,-66,-184,-77,-210,D
0,0,-51,-27,-77,-47,-104,-63,-113,-85,-50,-114,-86,-130,-102,-111,-103,-87,-41,-124,-65,-179,-79,-216,-83,-247,-36,-121,-56,-181,-68,-219,-74,-251,-36,-112,-54,-156,-65,-185,-76,-209,D
0,0,-51,-26,-77,-47,-103,-64,-114,-86,-48,-113,-84,-132,-102,-114,-105,-91,-39,-123,-64,-179,-78,-217,-82,-248,-34,-120,-56,-180,-68,-219,-74,-251,-35,-111,-55,-154,-67,-182,-77,-207,D
0,0,-51,-26,-77,-46,-102,-62,-113,-83,-50,-113,-84,-132,-101,-111,-103,-87,-41,-123,-64,-178,-78,-216,-82,-247,-36,-120,-56,-180,-68,-219,-73,-251,-36,-110,-56,-154,-67,-183,-77,-209,D
0,0,-49,-25,-77,-47,-102,-63,-113,-85,-49,-114,-85,-133,-102,-113,-103,-89,-40,-124,-64,-179,-78,-217,-82,-249,-35,-121,-56,-180,-68,-219,-75,-251,-35,-112,-54,-155,-66,-185,-76,-210,D
0,0,-50,-25,-77,-46,-103,-62,-113,-85,-49,-114,-84,-131,-102,-111,-103,-88,-39,-124,-64,-178,-79,-216,-82,-247,-35,-120,-56,-180,-68,-218,-74,-251,-35,-111,-55,-154,-66,-183,-77,-208,D
0,0,-50,-25,-76,-46,-102,-62,-113,-84,-48,-113,-85,-131,-102,-111,-104,-88,-39,-124,-64,-178,-78,-216,-81,-247,-34,-120,-56,-180,-68,-218,-74,-251,-36,-111,-56,-155,-67,-183,-78,-208,D
0,0,-50,-26,-76,-47,-102,-63,-113,-86,-50,-114,-84,-132,-101,-112,-102,-88,-39,-124,-64,-179,-77,-217,-81,-248,-34,-120,-55,-180,-67,-218,-73,-251,-34,-110,-54,-153,-65,-182,-76,-207,D
0,0,-48,-24,-76,-45,-101,-61,-113,-83,-49,-113,-83,-132,-101,-112,-103,-88,-39,-124,-64,-177,-77,-216,-81,-246,-34,-121,-55,-179,-67,-218,-73,-249,-34,-111,-53,-153,-64,-182,-75,-207,D
0,0,-49,-25,-76,-47,-102,-62,-113,-85,-49,-114,-83,-132,-101,-113,-103,-90,-40,-125,-64,-178,-77,-216,-81,-247,-34,-122,-55,-180,-67,-218,-73,-250,-34,-112,-53,-154,-64,-182,-75,-208,D
0,0,-49,-25,-77,-46,-102,-61,-114,-83,-49,-114,-84,-132,-102,-112,-104,-88,-40,-124,-64,-178,-78,-216,-82,-247,-35,-121,-56,-180,-68,-218,-74,-250,-35,-112,-53,-154,-65,-182,-77,-207,D
0,0,-50,-25,-77,-47,-102,-62,-114,-84,-49,-114,-84,-132,-102,-112,-105,-88,-39,-125,-63,-178,-77,-216,-80,-246,-34,-122,-55,-180,-67,-218,-73,-250,-35,-113,-55,-154,-66,-182,-77,-207,D
0,0,-50,-25,-76,-47,-101,-63,-112,-85,-48,-114,-83,-132,-101,-112,-103,-89,-38,-124,-62,-178,-76,-216,-80,-246,-33,-121,-54,-180,-66,-218,-72,-249,-34,-113,-53,-154,-64,-182,-75,-207,D
0,0,-49,-24,-76,-46,-100,-62,-112,-84,-47,-113,-81,-131,-99,-112,-102,-89,-38,-124,-61,-176,-75,-214,-79,-246,-33,-121,-53,-178,-65,-216,-71,-248,-34,-112,-52,-152,-63,-181,-74,-206,D
0,0,-49,-23,-75,-45,-100,-60,-112,-81,-47,-111,-82,-129,-100,-109,-102,-86,-37,-122,-61,-175,-75,-213,-79,-244,-32,-120,-53,-177,-65,-215,-72,-246,-33,-111,-53,-151,-64,-179,-75,-204,D
0,0,-50,-24,-76,-45,-101,-60,-112,-82,-47,-112,-82,-130,-99,-110,-102,-86,-38,-123,-61,-176,-75,-214,-79,-245,-33,-120,-53,-177,-65,-215,-72,-247,-34,-111,-53,-152,-64,-180,-75,-205,D
0,0,-50,-24,-76,-46,-100,-61,-112,-82,-48,-113,-83,-132,-101,-112,-103,-89,-38,-124,-62,-177,-76,-215,-80,-246,-33,-121,-54,-179,-66,-217,-72,-249,-34,-112,-54,-154,-65,-182,-76,-207,D
0,0,-50,-24,-76,-45,-101,-60,-113,-81,-50,-112,-83,-129,-101,-110,-104,-87,-41,-123,-63,-176,-77,-213,-82,-245,-35,-121,-55,-179,-66,-217,-72,-249,-35,-113,-54,-154,-65,-183,-76,-208,D
0,0,-50,-24,-75,-45,-101,-61,-112,-83,-49,-111,-83,-129,-101,-111,-103,-89,-40,-122,-63,-177,-77,-215,-81,-246,-35,-119,-54,-179,-67,-217,-73,-249,-34,-110,-54,-154,-65,-182,-76,-207,D
0,0,-48,-24,-74,-45,-99,-59,-112,-80,-46,-114,-82,-131,-99,-110,-100,-85,-36,-124,-62,-178,-76,-215,-80,-245,-32,-121,-53,-180,-65,-218,-71,-250,-33,-111,-52,-153,-64,-182,-74,-207,D
0,0,-49,-23,-75,-45,-100,-61,-112,-81,-48,-112,-81,-130,-98,-110,-99,-86,-40,-123,-63,-175,-76,-213,-79,-243,-35,-121,-55,-179,-66,-216,-71,-247,-34,-111,-53,-152,-64,-180,-74,-205,D
0,0,-47,-23,-73,-44,-98,-59,-111,-79,-46,-112,-81,-129,-98,-109,-99,-85,-37,-122,-61,-176,-75,-213,-79,-243,-32,-120,-52,-179,-65,-217,-70,-248,-32,-111,-51,-152,-62,-179,-74,-204,D
0,0,-49,-24,-74,-44,-99,-60,-111,-81,-47,-112,-81,-129,-97,-109,-99,-86,-38,-123,-62,-176,-75,-213,-79,-244,-33,-120,-54,-178,-66,-215,-72,-247,-33,-110,-53,-152,-64,-180,-75,-204,D
0,0,-48,-23,-74,-45,-98,-60,-110,-80,-48,-112,-81,-130,-98,-111,-101,-88,-39,-122,-61,-175,-74,-213,-77,-244,-33,-120,-53,-177,-64,-215,-70,-248,-32,-111,-51,-152,-62,-180,-73,-205,D
0,0,-48,-23,-74,-44,-98,-60,-109,-81,-48,-111,-81,-130,-98,-111,-101,-89,-39,-122,-61,-176,-74,-213,-78,-243,-33,-120,-52,-178,-64,-215,-70,-246,-32,-111,-50,-151,-62,-177,-74,-201,D
0,0,-47,-22,-73,-44,-97,-60,-109,-80,-47,-111,-80,-129,-97,-111,-100,-88,-38,-122,-60,-176,-72,-212,-77,-242,-32,-120,-51,-177,-63,-214,-69,-245,-31,-111,-48,-150,-61,-176,-73,-200,D
0,0,-46,-22,-73,-45,-96,-61,-109,-81,-46,-110,-79,-129,-97,-112,-99,-90,-38,-122,-60,-176,-72,-214,-75,-244,-32,-120,-52,-178,-63,-215,-69,-246,-30,-111,-48,-150,-60,-177,-73,-200,D
0,0,-47,-21,-74,-44,-98,-60,-110,-81,-50,-111,-81,-130,-98,-110,-101,-87,-41,-122,-62,-174,-74,-213,-78,-245,-34,-120,-53,-176,-64,-215,-70,-248,-31,-111,-50,-152,-62,-181,-73,-207,D
0,0,-50,-24,-75,-45,-100,-61,-112,-83,-48,-111,-82,-129,-99,-109,-101,-85,-39,-122,-62,-177,-76,-215,-79,-246,-33,-118,-54,-178,-66,-217,-73,-249,-32,-109,-52,-153,-64,-182,-74,-206,D
0,0,-50,-25,-75,-45,-99,-60,-111,-81,-47,-113,-83,-130,-100,-109,-101,-85,-37,-123,-63,-178,-76,-215,-80,-246,-32,-120,-53,-179,-66,-217,-72,-250,-33,-111,-53,-153,-64,-182,-74,-207,D
0,0,-50,-25,-76,-46,-100,-61,-112,-81,-49,-113,-83,-132,-100,-110,-101,-85,-39,-124,-63,-177,-77,-215,-80,-246,-34,-120,-54,-179,-67,-218,-73,-250,-34,-110,-54,-154,-65,-183,-75,-209,D
0,0,-50,-25,-76,-46,-101,-61,-113,-83,-49,-112,-83,-131,-101,-111,-103,-87,-40,-123,-63,-177,-76,-215,-80,-246,-35,-121,-54,-180,-66,-218,-72,-251,-34,-112,-53,-156,-64,-184,-75,-210,D
0,0,-50,-24,-76,-45,-101,-61,-112,-83,-49,-111,-83,-129,-101,-110,-103,-86,-40,-123,-63,-177,-78,-214,-81,-244,-35,-121,-55,-180,-67,-217,-73,-249,-35,-112,-53,-155,-65,-183,-75,-208,D
0,0,-52,-25,-77,-45,-102,-60,-113,-82,-50,-111,-84,-129,-101,-109,-102,-85,-41,-122,-64,-177,-78,-215,-82,-246,-36,-119,-56,-179,-69,-217,-75,-250,-35,-111,-55,-154,-66,-183,-76,-208,D
0,0,-49,-24,-75,-46,-101,-61,-112,-83,-48,-112,-83,-132,-101,-111,-102,-87,-38,-123,-62,-179,-76,-216,-79,-247,-33,-120,-54,-180,-67,-219,-74,-251,-34,-111,-53,-155,-65,-183,-75,-209,D
0,0,-50,-24,-77,-45,-103,-61,-113,-83,-50,-112,-84,-130,-102,-111,-105,-87,-41,-123,-63,-177,-77,-214,-81,-245,-36,-120,-56,-179,-68,-217,-74,-249,-35,-111,-54,-154,-66,-182,-76,-208,D
0,0,-51,-25,-77,-45,-103,-62,-113,-84,-49,-111,-84,-129,-102,-111,-104,-89,-40,-122,-64,-178,-78,-215,-81,-245,-35,-119,-56,-180,-69,-217,-75,-249,-35,-111,-54,-154,-66,-182,-77,-206,D
0,0,-49,-23,-76,-45,-101,-60,-113,-81,-49,-112,-83,-131,-101,-111,-102,-87,-39,-123,-63,-177,-77,-215,-80,-245,-34,-121,-55,-179,-68,-217,-74,-249,-34,-112,-53,-154,-65,-183,-75,-209,D
0,0,-48,-23,-75,-45,-99,-60,-111,-81,-48,-111,-82,-132,-100,-113,-103,-90,-39,-122,-61,-176,-74,-213,-79,-244,-33,-121,-53,-178,-66,-216,-72,-248,-32,-112,-51,-153,-63,-181,-75,-206,D
0,0,-48,-24,-75,-46,-100,-61,-111,-82,-49,-113,-82,-131,-100,-112,-103,-90,-39,-124,-61,-177,-75,-214,-80,-245,-33,-122,-52,-180,-65,-217,-71,-249,-33,-113,-51,-155,-63,-182,-74,-207,D
0,0,-48,-24,-75,-46,-100,-61,-111,-83,-49,-113,-82,-132,-100,-113,-103,-90,-39,-124,-61,-178,-75,-214,-80,-245,-34,-122,-52,-180,-64,-217,-71,-249,-33,-113,-51,-154,-63,-182,-74,-207,D
0,0,-49,-26,-76,-47,-101,-63,-112,-84,-48,-113,-82,-133,-101,-114,-104,-92,-39,-124,-62,-178,-76,-216,-81,-247,-34,-122,-53,-181,-65,-219,-72,-251,-34,-113,-53,-157,-64,-185,-75,-210,D
0,0,-49,-25,-76,-46,-101,-62,-112,-84,-49,-113,-82,-132,-101,-114,-104,-91,-40,-124,-62,-177,-76,-215,-81,-246,-35,-122,-53,-180,-65,-218,-72,-250,-35,-113,-53,-155,-64,-184,-75,-209,D
0,0,-47,-23,-74,-45,-99,-62,-110,-84,-48,-113,-80,-132,-98,-115,-102,-93,-38,-124,-60,-177,-74,-214,-79,-246,-33,-122,-51,-180,-64,-217,-70,-249,-32,-114,-49,-155,-61,-183,-72,-208,D
0,0,-50,-25,-76,-45,-101,-61,-112,-83,-49,-112,-83,-131,-100,-113,-103,-90,-40,-122,-63,-176,-76,-214,-81,-245,-34,-119,-54,-178,-66,-216,-73,-248,-33,-111,-52,-154,-64,-182,-75,-207,D
0,0,-49,-25,-77,-46,-102,-62,-112,-84,-49,-113,-83,-132,-100,-114,-103,-91,-40,-123,-63,-177,-77,-214,-81,-246,-34,-121,-54,-180,-67,-217,-73,-249,-33,-113,-53,-156,-65,-184,-75,-208,D
0,0,-49,-24,-75,-45,-99,-61,-110,-83,-47,-112,-81,-130,-99,-112,-102,-89,-38,-123,-61,-177,-75,-213,-80,-243,-32,-122,-52,-180,-65,-217,-71,-248,-32,-114,-51,-156,-63,-184,-74,-208,D
0,0,-49,-24,-75,-45,-99,-60,-112,-81,-48,-112,-81,-132,-99,-113,-102,-90,-39,-124,-62,-176,-76,-213,-81,-244,-34,-121,-53,-179,-65,-217,-71,-249,-34,-113,-52,-156,-63,-184,-73,-210,D
0,0,-50,-25,-75,-46,-99,-61,-112,-82,-48,-112,-81,-132,-99,-113,-102,-90,-38,-123,-62,-176,-76,-213,-81,-245,-33,-121,-53,-180,-65,-218,-71,-249,-33,-114,-52,-157,-64,-185,-74,-210,D
0,0,-49,-24,-76,-45,-100,-61,-112,-83,-50,-111,-82,-131,-100,-113,-103,-91,-41,-123,-62,-176,-76,-212,-81,-244,-35,-121,-53,-179,-65,-217,-71,-249,-33,-113,-51,-156,-62,-184,-73,-209,D
0,0,-50,-24,-75,-45,-100,-61,-111,-83,-50,-111,-82,-130,-100,-111,-102,-88,-40,-122,-62,-176,-77,-214,-81,-244,-35,-120,-53,-180,-66,-217,-72,-249,-33,-112,-51,-156,-63,-184,-73,-209,D
0,0,-49,-23,-75,-45,-98,-61,-110,-82,-49,-112,-81,-131,-99,-112,-101,-88,-39,-123,-62,-177,-75,-214,-79,-245,-33,-120,-53,-179,-65,-218,-71,-250,-32,-112,-51,-154,-62,-183,-73,-208,D
0,0,-49,-23,-75,-44,-98,-60,-109,-81,-48,-110,-81,-131,-98,-111,-100,-87,-38,-122,-61,-176,-75,-213,-79,-243,-33,-120,-53,-178,-65,-216,-70,-248,-32,-112,-52,-154,-63,-182,-73,-207,D
0,0,-49,-23,-75,-45,-99,-61,-110,-82,-49,-111,-81,-132,-99,-113,-102,-90,-40,-122,-62,-176,-76,-213,-80,-243,-34,-120,-53,-179,-65,-217,-70,-249,-33,-113,-52,-155,-64,-183,-74,-208,D
0,0,-49,-24,-74,-46,-98,-62,-110,-84,-49,-112,-80,-132,-98,-114,-102,-91,-39,-124,-61,-177,-75,-214,-81,-244,-34,-122,-52,-180,-64,-218,-70,-250,-32,-114,-51,-157,-62,-184,-73,-209,D
0,0,-51,-26,-75,-46,-100,-62,-111,-83,-49,-112,-83,-132,-100,-111,-102,-87,-40,-124,-63,-178,-78,-215,-82,-245,-34,-121,-53,-182,-66,-219,-72,-252,-34,-113,-53,-158,-65,-186,-75,-211,D
0,0,-47,-24,-73,-45,-98,-60,-110,-80,-48,-113,-82,-131,-99,-111,-100,-86,-39,-124,-62,-178,-75,-214,-79,-244,-33,-123,-52,-181,-64,-219,-69,-250,-32,-114,-50,-156,-62,-185,-72,-210,D
0,0,-48,-23,-74,-44,-98,-60,-110,-81,-48,-112,-81,-131,-98,-111,-100,-86,-39,-123,-62,-178,-75,-214,-79,-244,-34,-121,-53,-180,-65,-218,-71,-250,-33,-113,-51,-155,-63,-183,-74,-208,D
0,0,-50,-24,-76,-45,-101,-62,-112,-83,-51,-112,-83,-131,-100,-111,-101,-87,-42,-123,-63,-177,-76,-214,-81,-246,-36,-122,-54,-181,-66,-218,-72,-251,-34,-114,-52,-157,-63,-186,-74,-211,D
0,0,-49,-24,-74,-46,-99,-62,-110,-84,-48,-112,-81,-131,-99,-112,-101,-88,-38,-124,-61,-179,-75,-216,-78,-246,-32,-121,-51,-181,-64,-218,-71,-251,-31,-111,-50,-154,-61,-182,-72,-207,D
0,0,-52,-24,-77,-45,-102,-62,-112,-84,-50,-111,-82,-131,-99,-111,-100,-87,-41,-122,-64,-176,-77,-214,-81,-245,-36,-120,-56,-179,-68,-217,-74,-250,-34,-111,-54,-154,-65,-183,-75,-208,D
0,0,-51,-25,-76,-46,-101,-63,-112,-86,-50,-111,-83,-130,-100,-112,-102,-90,-41,-123,-63,-179,-77,-216,-81,-247,-35,-120,-55,-181,-67,-218,-74,-250,-33,-111,-53,-155,-65,-182,-75,-207,D
0,0,-51,-22,-76,-44,-102,-62,-112,-85,-51,-110,-83,-129,-100,-111,-102,-88,-42,-122,-63,-177,-76,-215,-79,-246,-36,-120,-55,-179,-67,-217,-74,-249,-33,-111,-52,-154,-64,-182,-74,-207,D
0,0,-51,-23,-76,-44,-101,-62,-112,-85,-51,-109,-83,-128,-100,-110,-102,-87,-42,-121,-63,-176,-76,-214,-79,-245,-36,-119,-55,-178,-67,-215,-73,-247,-33,-111,-52,-154,-64,-182,-74,-207,D
0,0,-50,-23,-75,-45,-100,-62,-112,-85,-51,-110,-83,-128,-100,-110,-102,-87,-42,-122,-62,-176,-76,-213,-80,-244,-36,-120,-54,-179,-66,-217,-72,-248,-32,-113,-51,-155,-63,-184,-73,-209,D
0,0,-49,-21,-75,-44,-100,-61,-113,-83,-50,-110,-82,-128,-100,-111,-105,-90,-42,-122,-62,-176,-75,-213,-80,-244,-36,-121,-54,-178,-65,-216,-72,-248,-33,-113,-51,-154,-62,-181,-73,-206,D
0,0,-48,-21,-74,-44,-99,-61,-112,-83,-49,-110,-81,-129,-99,-112,-103,-90,-40,-122,-61,-176,-74,-213,-79,-243,-34,-121,-52,-178,-64,-216,-71,-247,-32,-112,-50,-153,-61,-181,-72,-205,D
0,0,-49,-23,-74,-45,-99,-61,-111,-83,-48,-111,-80,-131,-99,-112,-102,-90,-39,-123,-61,-177,-74,-214,-78,-245,-34,-122,-52,-181,-64,-219,-70,-251,-32,-115,-52,-157,-63,-185,-72,-211,D
0,0,-49,-23,-75,-45,-100,-61,-113,-82,-48,-111,-81,-131,-100,-113,-103,-90,-40,-123,-62,-176,-75,-213,-79,-243,-34,-121,-54,-180,-65,-218,-71,-250,-33,-114,-52,-158,-63,-186,-72,-212,D
0,0,-49,-24,-75,-45,-100,-62,-112,-83,-49,-112,-81,-133,-100,-114,-103,-90,-40,-124,-62,-177,-75,-214,-79,-244,-34,-122,-53,-181,-65,-219,-70,-251,-33,-115,-52,-159,-63,-188,-72,-214,D
0,0,-48,-22,-75,-45,-99,-61,-111,-83,-48,-111,-81,-131,-100,-113,-103,-90,-40,-123,-61,-177,-74,-213,-78,-244,-34,-122,-52,-181,-64,-219,-69,-251,-32,-115,-50,-157,-61,-185,-71,-211,D
0,0,-49,-22,-75,-45,-100,-61,-112,-82,-50,-111,-82,-132,-100,-113,-103,-89,-42,-123,-63,-176,-75,-214,-78,-244,-36,-121,-55,-180,-66,-218,-71,-250,-32,-114,-52,-155,-62,-183,-72,-208,D
0,0,-49,-22,-75,-44,-100,-60,-112,-82,-49,-110,-82,-128,-99,-110,-102,-88,-40,-122,-61,-176,-74,-213,-77,-244,-34,-120,-53,-179,-65,-216,-71,-248,-32,-112,-51,-153,-63,-180,-73,-205,D
0,0,-49,-24,-74,-44,-99,-60,-110,-82,-48,-109,-81,-128,-98,-110,-101,-88,-39,-121,-60,-176,-72,-212,-76,-243,-33,-120,-52,-178,-64,-215,-69,-246,-31,-112,-49,-153,-60,-181,-71,-205,D
0,0,-49,-23,-75,-44,-99,-59,-110,-81,-49,-109,-81,-128,-98,-108,-101,-85,-40,-121,-61,-175,-73,-213,-76,-245,-34,-118,-52,-177,-64,-215,-71,-247,-31,-110,-49,-152,-60,-181,-71,-206,D
0,0,-48,-22,-73,-43,-97,-59,-110,-80,-48,-109,-79,-129,-97,-110,-101,-87,-39,-121,-60,-174,-73,-212,-76,-243,-33,-119,-51,-176,-63,-215,-69,-246,-30,-111,-48,-152,-59,-181,-69,-206,D
0,0,-52,-24,-75,-43,-99,-60,-112,-82,-50,-109,-83,-129,-99,-110,-102,-87,-42,-120,-63,-176,-75,-214,-79,-245,-35,-118,-54,-177,-67,-215,-74,-248,-32,-109,-51,-153,-62,-182,-72,-208,D
0,0,-52,-25,-75,-44,-100,-61,-112,-84,-50,-110,-83,-129,-100,-111,-103,-89,-41,-122,-63,-177,-76,-214,-80,-245,-35,-120,-55,-180,-67,-217,-73,-249,-33,-112,-53,-157,-65,-186,-74,-211,D
0,0,-51,-25,-76,-45,-102,-62,-114,-84,-51,-111,-83,-130,-101,-112,-105,-90,-43,-123,-64,-178,-77,-215,-80,-246,-37,-121,-56,-181,-68,-218,-74,-250,-35,-113,-54,-158,-66,-186,-74,-211,D
0,0,-51,-25,-76,-45,-101,-62,-112,-84,-49,-111,-83,-130,-101,-111,-103,-88,-41,-123,-63,-177,-76,-215,-79,-246,-35,-121,-55,-180,-67,-218,-73,-251,-34,-113,-54,-158,-65,-187,-74,-212,D
0,0,-54,-27,-77,-46,-102,-62,-113,-85,-50,-111,-85,-128,-102,-110,-104,-87,-41,-123,-64,-179,-78,-216,-81,-246,-36,-120,-57,-181,-69,-219,-75,-251,-36,-112,-56,-158,-67,-187,-76,-212,D
0,0,-55,-28,-77,-46,-102,-63,-114,-86,-50,-112,-85,-132,-102,-112,-104,-89,-42,-123,-65,-179,-78,-217,-81,-248,-37,-120,-58,-182,-70,-220,-75,-254,-36,-112,-57,-161,-69,-190,-76,-216,D
0,0,-54,-26,-78,-46,-103,-62,-115,-84,-51,-112,-85,-130,-103,-110,-106,-88,-42,-123,-65,-178,-78,-215,-81,-246,-37,-121,-57,-181,-69,-219,-74,-252,-36,-113,-57,-160,-68,-189,-76,-215,D
0,0,-51,-25,-76,-46,-101,-62,-113,-84,-49,-112,-83,-130,-101,-111,-103,-88,-40,-124,-63,-178,-76,-215,-79,-245,-35,-122,-55,-181,-67,-219,-72,-251,-34,-113,-55,-158,-66,-186,-75,-212,D
0,0,-50,-23,-75,-45,-100,-61,-111,-85,-48,-112,-82,-129,-100,-110,-103,-88,-40,-124,-62,-178,-75,-214,-79,-245,-34,-122,-53,-181,-65,-219,-70,-251,-33,-114,-53,-157,-64,-185,-73,-211,D
0,0,-47,-21,-74,-44,-97,-60,-110,-81,-47,-112,-79,-131,-98,-111,-101,-88,-38,-123,-60,-175,-73,-211,-77,-242,-33,-122,-51,-179,-63,-217,-67,-248,-31,-115,-50,-156,-61,-185,-71,-210,D
0,0,-48,-22,-74,-44,-98,-60,-110,-81,-49,-111,-81,-131,-98,-110,-100,-86,-40,-122,-61,-175,-74,-212,-78,-244,-34,-120,-53,-178,-64,-216,-70,-249,-31,-112,-51,-155,-62,-184,-72,-209,D
0,0,-48,-22,-73,-44,-97,-61,-110,-83,-48,-111,-80,-130,-98,-111,-101,-88,-39,-122,-60,-176,-73,-213,-76,-245,-33,-121,-51,-179,-63,-217,-68,-249,-31,-112,-50,-155,-61,-183,-70,-209,D
